customer,platScalop,Sandwich Baguette XL,Pancake Fruit Secsn,Pizza Chees,Pizza Garden Specieal,Pizza The Hawaiian,Plat Tunisien,SAlade Maison,SAndwich Philly Steak,Sandwich Tuinisien,Sandwich Zinger,Lablebi,sandwich Scalope,Sandwic hAyari
1,1,1,1,1,0,1,0,1,1,0,0,0,0,1
2,0,0,0,0,1,1,1,1,0,1,1,1,1,1
3,0,0,0,1,1,1,0,0,0,0,1,1,0,1
4,0,1,1,1,1,1,1,0,0,0,1,1,0,1
5,0,0,0,1,1,1,0,1,1,1,0,1,0,0
6,1,0,0,1,0,0,0,1,0,0,0,1,0,1
7,1,0,0,1,0,0,0,1,1,0,0,1,0,1
8,0,1,1,0,0,0,1,1,0,0,1,0,1,1
9,1,0,0,0,0,1,1,1,0,1,0,0,0,1
10,1,1,1,0,1,0,0,1,1,1,1,0,0,1
11,0,0,0,1,0,0,0,0,1,0,0,0,1,1
12,1,1,1,1,1,0,0,0,1,0,0,1,0,0
13,1,1,1,1,1,0,1,0,1,0,0,0,0,1
14,0,1,1,0,1,0,1,1,1,0,1,1,0,0
15,0,1,1,1,1,1,1,0,0,1,1,0,1,0
16,1,0,0,1,0,1,1,0,0,1,1,1,0,1
17,0,1,1,1,0,1,0,1,1,1,1,1,0,1
18,1,1,1,1,1,1,1,0,1,0,0,1,0,1
19,1,1,1,0,0,1,0,1,1,0,1,1,0,1
20,0,1,1,0,0,1,0,0,1,0,0,1,0,1
21,1,1,1,0,1,0,0,0,0,0,0,0,1,1
22,0,0,0,1,1,1,0,1,1,1,0,0,0,1
23,1,1,1,0,1,1,1,1,1,0,0,1,0,0
24,0,1,1,0,0,0,0,0,1,1,1,0,0,1
25,0,0,0,0,1,1,0,1,1,1,1,0,1,1
26,1,1,1,1,1,0,1,1,0,0,0,1,0,1
27,0,1,1,0,1,0,0,1,0,1,1,1,1,0
28,0,0,0,1,1,0,1,1,0,1,0,1,1,1
29,0,1,1,1,1,1,1,1,1,1,0,0,1,1
30,0,1,1,1,0,0,0,1,0,1,1,0,1,1
31,0,0,0,0,1,0,0,0,1,1,1,1,1,1
32,1,0,0,0,0,0,0,1,0,0,0,1,0,0
33,0,0,0,0,0,0,1,0,0,1,1,1,1,1
34,1,0,0,0,1,1,1,1,0,1,1,1,0,1
35,1,1,1,0,0,1,1,1,0,1,0,1,1,1
36,1,1,1,1,0,0,1,1,0,1,0,0,1,0
37,1,0,0,0,1,1,1,1,0,0,0,0,1,0
38,0,1,1,0,1,1,1,0,0,1,0,1,0,0
39,1,0,0,0,1,1,1,1,1,1,1,0,0,1
40,0,1,1,1,1,0,0,0,1,1,1,0,1,1
41,1,1,1,1,1,1,0,0,1,0,0,1,0,1
42,0,0,0,0,1,0,0,1,0,1,1,1,0,0
43,0,1,1,1,1,0,1,0,1,0,0,0,1,0
44,0,1,1,0,1,0,0,0,0,0,0,1,0,0
45,1,1,1,0,0,1,0,0,0,1,0,0,0,1
46,1,1,1,1,0,0,1,0,1,0,1,1,1,0
47,0,1,1,1,1,1,0,1,0,0,1,0,0,1
48,1,0,0,0,1,1,0,0,0,0,1,0,1,1
49,1,0,0,0,1,0,1,1,0,0,0,1,1,1
50,1,1,1,1,1,1,0,0,1,1,1,0,0,0
51,1,1,1,1,1,0,1,1,0,1,1,0,1,1
52,1,0,0,1,0,0,1,0,0,0,0,1,1,1
53,1,0,0,0,0,0,1,1,0,0,0,0,0,1
54,0,1,1,1,1,0,1,0,0,1,1,1,0,1
55,0,1,1,1,1,0,0,0,1,1,1,1,0,1
56,1,0,0,1,0,0,1,0,1,1,0,0,0,0
57,1,1,1,1,0,1,1,1,1,0,0,0,1,1
58,0,1,1,0,0,1,0,0,1,1,1,0,0,1
59,0,1,1,0,0,1,1,1,0,0,0,0,1,1
60,0,1,1,1,0,0,0,0,0,0,1,1,0,1
61,1,1,1,0,1,1,1,0,0,1,0,0,1,0
62,0,0,0,1,1,1,0,1,0,1,0,1,0,1
63,0,0,0,0,0,0,1,0,0,0,0,0,0,1
64,0,1,1,1,0,1,1,0,0,1,0,1,0,1
65,0,0,0,0,0,0,0,0,1,0,1,1,0,1
66,1,1,1,0,1,0,0,0,1,0,0,0,0,1
67,0,1,1,1,0,0,0,1,0,1,0,1,0,1
68,1,1,1,0,0,1,1,0,1,0,1,0,0,0
69,1,0,0,0,1,0,1,1,1,1,1,0,0,0
70,0,1,1,1,0,0,0,0,0,0,1,1,0,0
71,1,0,0,1,1,0,0,1,1,1,1,0,0,1
72,1,0,0,0,0,1,0,1,0,1,1,1,0,1
73,0,0,0,1,1,1,1,1,0,1,1,1,0,1
74,0,0,0,0,1,0,1,0,1,1,1,0,1,1
75,1,1,1,1,0,0,0,0,1,0,0,0,0,1
76,0,0,0,0,0,1,0,1,1,1,0,1,1,1
77,0,0,0,0,1,1,1,0,1,1,1,1,1,1
78,0,1,1,1,0,0,0,1,1,0,1,0,0,0
79,1,1,1,1,1,1,1,0,0,1,0,1,0,0
80,1,0,0,0,0,1,1,1,0,1,0,0,0,0
81,1,0,0,0,0,1,1,0,0,0,0,1,1,1
82,1,1,1,0,1,0,1,1,1,1,0,1,0,0
83,0,0,0,0,1,1,0,1,0,0,0,1,1,0
84,0,1,1,1,1,0,1,0,1,0,1,0,1,1
85,0,0,0,0,0,1,1,1,1,1,1,1,1,0
86,1,0,0,1,0,0,0,0,1,1,1,1,1,0
87,0,0,0,0,0,0,0,1,0,0,1,0,1,0
88,0,1,1,0,0,0,1,1,1,0,0,0,1,1
89,0,1,1,1,1,0,0,0,0,0,1,1,0,1
90,1,1,1,0,1,1,1,0,1,1,1,1,0,0
91,1,0,0,0,0,0,0,1,0,0,0,1,1,1
92,0,0,0,1,0,0,0,1,1,1,1,1,0,1
93,0,1,1,0,1,0,0,0,1,0,1,0,1,0
94,0,1,1,1,1,0,0,1,0,1,0,0,0,0
95,1,0,0,1,1,1,0,1,0,0,0,0,1,1
96,0,0,0,0,0,0,1,1,0,1,1,1,1,0
97,1,1,1,0,0,0,1,0,1,0,0,1,1,0
98,0,1,1,1,0,1,1,0,0,1,0,0,0,1
99,1,0,0,0,0,0,1,1,1,1,0,0,0,0
100,1,1,1,0,0,0,0,1,0,1,0,1,0,0
101,0,0,0,1,0,0,1,0,0,1,1,1,0,0
102,1,0,0,1,1,0,1,0,0,0,0,0,0,0
103,0,0,0,0,0,1,0,0,0,0,0,1,0,0
104,1,1,1,0,1,1,0,0,1,0,0,0,1,0
105,1,0,0,1,1,0,1,0,0,1,0,1,1,1
106,0,0,0,0,0,1,1,0,1,1,0,1,0,1
107,0,0,0,1,1,0,0,0,1,0,1,1,1,1
108,0,1,1,1,1,0,1,1,0,1,0,1,0,0
109,0,0,0,1,1,0,1,1,1,0,0,0,0,0
110,0,0,0,1,1,1,0,0,0,1,1,0,1,1
111,1,0,0,1,1,1,1,0,0,0,1,0,1,0
112,0,0,0,0,1,0,1,1,0,0,0,0,0,1
113,1,1,1,0,0,1,0,1,0,0,1,0,1,0
114,0,1,1,0,0,1,1,0,0,1,1,0,0,1
115,1,1,1,0,1,1,0,0,1,0,1,0,0,1
116,1,0,0,0,1,1,1,1,1,1,0,0,0,0
117,0,1,1,1,1,1,1,1,0,0,0,1,0,0
118,0,1,1,1,0,1,1,1,0,0,0,0,0,1
119,1,1,1,0,1,1,1,1,0,1,0,0,1,1
120,0,0,0,1,0,1,1,0,0,0,0,1,0,1
121,0,1,1,0,1,1,1,1,1,0,0,1,0,1
122,1,1,1,1,1,1,1,1,1,0,0,0,1,1
123,1,1,1,0,0,1,1,0,1,0,0,0,1,1
124,1,0,0,0,1,0,1,1,0,0,1,0,0,1
125,1,1,1,0,0,1,0,1,1,1,0,1,0,1
126,0,0,0,1,1,0,0,1,0,0,0,1,1,0
127,1,0,0,0,0,0,0,0,1,0,1,1,1,1
128,0,0,0,1,0,0,1,1,0,0,1,0,0,0
129,1,0,0,0,1,1,0,1,0,1,1,0,1,1
130,1,1,1,1,1,1,0,0,0,0,1,0,0,0
131,0,0,0,1,0,1,0,1,1,0,1,0,1,1
132,1,0,0,0,1,0,1,1,0,1,1,1,0,0
133,0,0,0,1,0,1,0,1,1,1,1,0,1,0
134,1,1,1,1,0,1,1,1,1,1,0,1,0,0
135,0,1,1,1,0,1,0,1,1,1,0,1,0,1
136,1,0,0,1,0,0,0,1,0,1,1,0,0,0
137,0,0,0,1,0,0,0,0,0,1,0,1,1,1
138,0,0,0,0,0,0,1,0,0,1,1,1,0,1
139,0,0,0,1,0,1,1,1,1,0,1,1,1,0
140,0,1,1,1,0,0,1,0,1,1,0,0,0,0
141,1,0,0,1,1,0,0,1,0,1,0,1,0,0
142,0,0,0,1,1,1,1,1,1,1,0,0,0,1
143,0,0,0,1,0,0,1,1,0,1,1,1,1,1
144,0,1,1,1,0,0,0,1,0,1,0,0,0,1
145,1,0,0,1,1,1,1,1,0,0,0,0,0,1
146,1,1,1,0,1,0,1,1,1,1,0,1,1,1
147,1,1,1,0,1,1,0,0,0,1,1,0,1,1
148,1,0,0,0,0,0,0,0,1,1,0,0,0,0
149,1,0,0,1,1,1,1,0,0,1,1,1,0,0
150,0,1,1,1,1,0,0,1,1,0,1,0,0,1
151,1,1,1,0,1,1,1,1,0,0,0,1,1,0
152,0,0,0,0,0,1,0,0,1,0,1,0,1,0
153,1,1,1,1,1,0,1,0,1,0,0,0,1,1
154,1,1,1,0,0,1,0,1,0,1,0,0,0,0
155,1,1,1,1,0,0,0,0,1,0,1,1,0,1
156,0,0,0,0,0,1,0,1,1,1,0,1,1,0
157,0,1,1,1,0,1,1,1,0,1,1,0,0,1
158,1,1,1,1,0,0,0,1,0,1,0,0,1,0
159,1,1,1,1,1,0,0,1,0,0,1,1,1,1
160,0,0,0,0,1,1,1,1,1,1,0,1,0,0
161,1,0,0,1,0,1,1,0,1,0,0,1,1,1
162,1,0,0,0,0,0,1,0,1,0,1,1,1,0
163,1,0,0,1,0,0,1,1,0,1,0,1,0,0
164,1,0,0,0,0,1,1,0,1,1,0,0,1,1
165,0,0,0,1,0,1,0,1,1,1,0,1,1,1
166,1,1,1,1,1,0,0,0,0,1,0,0,0,0
167,1,0,0,0,1,1,0,1,1,1,1,1,1,0
168,1,1,1,0,0,0,1,0,0,0,0,1,0,1
169,0,1,1,1,0,0,1,0,1,0,1,1,1,1
170,1,0,0,0,0,0,0,1,0,1,1,1,0,0
171,1,0,0,0,1,0,1,1,1,0,1,0,0,0
172,1,0,0,0,1,0,1,1,0,1,0,0,1,1
173,1,1,1,0,1,1,0,0,1,1,0,1,0,1
174,0,1,1,0,0,0,0,1,1,1,1,1,0,0
175,0,1,1,1,1,0,1,0,0,1,1,1,0,1
176,0,0,0,1,1,0,0,1,1,1,0,1,0,1
177,1,0,0,0,0,1,0,1,0,1,0,1,0,1
178,1,0,0,1,0,1,0,0,0,0,0,1,1,1
179,1,0,0,0,1,1,1,1,0,0,0,0,0,0
180,0,0,0,1,1,1,0,1,0,0,1,1,0,1
181,1,0,0,0,0,1,0,1,0,1,0,1,0,1
182,0,0,0,1,0,0,0,1,0,0,1,0,1,0
183,1,0,0,0,0,0,0,0,1,0,0,1,1,1
184,0,1,1,1,1,1,0,0,1,1,0,0,0,0
185,1,0,0,0,1,0,0,1,0,0,1,0,1,1
186,1,1,1,0,0,0,1,0,1,0,1,1,1,0
187,0,0,0,0,0,1,0,1,1,1,1,0,0,1
188,1,1,1,0,0,1,1,0,1,0,1,0,0,0
189,0,1,1,1,1,0,0,0,1,1,0,1,1,1
190,0,0,0,1,0,0,1,0,1,0,1,1,0,0
191,0,0,0,1,1,1,1,0,0,1,1,1,0,0
192,1,0,0,1,0,1,0,0,1,0,1,1,0,1
193,0,1,1,0,1,1,0,0,1,1,1,0,1,1
194,0,1,1,1,1,1,1,1,0,1,0,0,0,1
195,0,0,0,1,0,0,0,1,0,0,1,1,1,1
196,0,0,0,1,1,1,1,1,1,1,1,0,1,1
197,1,0,0,1,1,0,0,1,0,1,0,0,0,0
198,1,0,0,1,0,0,0,1,1,0,1,1,0,1
199,1,0,0,0,0,1,1,1,1,1,0,0,0,0
200,1,0,0,1,1,1,0,0,0,1,1,1,0,0
201,1,1,1,0,0,1,1,0,0,0,1,0,1,1
202,0,0,0,1,0,0,0,1,0,0,1,1,0,1
203,0,0,0,1,1,1,1,0,0,0,0,0,1,1
204,1,1,1,0,0,0,1,1,0,0,1,1,1,0
205,0,0,0,1,0,0,1,0,1,0,0,1,0,1
206,1,1,1,1,1,1,1,1,0,0,1,1,0,1
207,0,0,0,0,1,0,1,0,1,0,1,1,0,0
208,1,0,0,0,1,1,0,0,0,1,0,1,0,1
209,1,1,1,0,0,0,1,1,1,0,0,0,0,1
210,0,0,0,0,1,0,0,1,0,0,1,0,1,1
211,0,1,1,0,0,1,0,1,1,1,1,1,1,1
212,0,0,0,0,1,1,1,1,0,0,0,0,1,1
213,1,1,1,0,1,0,1,1,0,1,0,1,0,1
214,0,1,1,0,0,1,1,1,0,0,0,0,1,1
215,0,0,0,0,0,0,1,1,0,0,1,1,0,1
216,1,0,0,0,0,1,1,1,0,1,0,0,1,0
217,0,1,1,1,0,1,0,0,1,0,1,0,1,0
218,1,0,0,1,1,0,1,0,1,1,1,1,1,0
219,1,0,0,1,0,0,0,1,0,1,1,1,1,0
220,0,1,1,1,0,0,1,1,0,0,0,0,1,0
221,0,1,1,1,0,0,0,1,0,1,1,1,0,1
222,0,0,0,1,1,0,1,0,1,0,1,1,1,0
223,0,0,0,0,0,0,1,1,0,0,0,0,0,1
224,0,0,0,0,1,1,0,0,1,0,0,0,1,1
225,1,0,0,0,1,0,1,1,1,1,1,1,0,0
226,1,1,1,0,0,0,1,0,0,0,1,1,0,1
227,1,0,0,0,0,1,1,1,0,1,0,0,1,1
228,1,0,0,0,0,0,0,0,0,1,0,1,0,0
229,1,0,0,0,1,1,0,1,1,1,0,1,0,0
230,1,1,1,1,0,0,0,0,1,0,1,0,0,0
231,0,1,1,0,0,0,0,1,0,1,0,0,0,0
232,0,0,0,0,0,1,0,0,1,0,0,1,0,0
233,1,0,0,0,1,0,0,0,1,0,1,1,0,0
234,1,0,0,1,0,0,1,0,0,1,1,0,0,0
235,1,1,1,1,0,1,1,0,1,1,1,0,1,1
236,0,1,1,0,0,0,1,1,1,0,0,1,1,1
237,0,0,0,0,0,1,0,0,1,0,0,1,0,1
238,0,0,0,1,0,1,0,1,0,0,1,1,0,1
239,0,0,0,0,0,1,1,1,1,1,0,0,0,1
240,0,1,1,1,1,1,0,0,1,0,1,1,0,0
241,0,1,1,1,0,0,0,1,0,1,1,1,0,1
242,0,1,1,0,1,1,0,1,1,0,1,0,0,0
243,0,1,1,0,0,1,0,1,0,0,0,1,0,1
244,0,0,0,0,1,0,1,1,0,0,0,1,0,1
245,0,0,0,1,1,1,0,1,0,0,1,0,0,0
246,0,0,0,1,0,1,1,0,1,0,1,1,0,1
247,0,0,0,1,0,0,0,0,1,1,1,0,0,0
248,1,0,0,1,0,0,0,0,1,0,1,1,1,1
249,0,1,1,0,1,1,0,0,0,0,1,1,1,1
250,1,0,0,1,0,1,1,0,1,1,0,0,1,1
251,0,1,1,0,1,1,0,0,0,0,0,1,0,0
252,1,0,0,1,0,1,1,0,1,1,1,1,0,0
253,1,1,1,1,0,1,0,1,0,1,1,1,0,1
254,1,0,0,1,1,0,0,0,1,0,0,0,1,0
255,1,1,1,0,1,1,1,1,0,1,1,0,1,1
256,0,1,1,1,1,1,0,0,0,0,0,0,0,0
257,1,0,0,1,1,1,0,1,1,1,0,0,0,0
258,1,1,1,1,1,1,1,0,0,1,1,1,0,1
259,0,1,1,0,0,1,0,1,0,0,0,1,1,1
260,0,1,1,1,0,0,0,0,1,1,1,1,1,0
261,1,0,0,0,1,1,1,0,0,0,0,1,0,1
262,1,1,1,1,1,0,0,0,0,0,1,1,0,0
263,1,1,1,1,0,1,1,1,0,0,0,0,0,0
264,0,1,1,0,0,1,0,0,1,0,1,1,0,1
265,0,0,0,0,0,1,0,1,0,1,1,0,1,1
266,0,1,1,1,1,1,0,1,0,0,1,1,1,0
267,0,1,1,1,1,1,1,0,0,0,1,0,0,0
268,0,1,1,0,0,1,1,0,1,1,0,1,1,1
269,0,1,1,0,1,0,1,0,1,1,1,0,0,1
270,1,0,0,0,0,0,1,1,1,0,1,0,1,1
271,0,0,0,0,1,0,1,0,1,0,1,0,1,0
272,1,0,0,1,1,0,0,0,1,1,0,0,1,1
273,1,0,0,0,0,0,0,1,0,1,0,0,1,0
274,1,1,1,1,1,1,1,0,1,1,0,0,1,1
275,1,0,0,0,1,1,0,1,1,1,0,1,1,0
276,1,0,0,1,1,1,1,1,0,1,0,1,0,1
277,0,1,1,0,1,0,1,0,1,0,0,0,1,1
278,0,1,1,1,0,1,0,0,0,1,1,1,0,0
279,1,1,1,0,0,0,0,0,0,1,0,1,0,0
280,0,0,0,0,0,0,0,1,0,0,1,0,1,0
281,0,1,1,1,1,1,0,1,0,0,0,1,1,1
282,0,0,0,0,0,1,0,0,0,0,0,0,0,1
283,0,0,0,1,1,1,1,1,0,0,1,1,0,1
284,1,0,0,0,1,0,0,1,1,0,0,1,0,1
285,0,1,1,1,1,1,0,1,0,1,0,0,1,0
286,1,0,0,0,1,1,0,0,1,0,1,1,0,0
287,0,1,1,0,1,1,1,0,0,1,1,0,1,1
288,1,1,1,1,1,0,1,1,1,0,0,1,1,0
289,1,1,1,0,0,1,1,0,0,0,0,0,0,1
290,1,0,0,1,1,1,1,0,1,0,1,0,0,1
291,0,0,0,1,1,0,1,1,1,1,1,0,1,1
292,0,1,1,1,0,0,0,1,0,1,0,1,1,1
293,0,0,0,1,1,1,1,0,0,1,1,0,1,1
294,1,0,0,1,1,1,0,1,0,1,1,0,0,1
295,0,0,0,0,0,0,1,0,0,1,0,0,0,1
296,0,0,0,1,1,1,0,1,1,0,1,1,1,0
297,0,0,0,1,0,0,1,1,0,0,0,0,0,0
298,0,0,0,1,0,1,0,1,1,1,1,0,0,1
299,0,1,1,1,1,0,0,0,0,0,1,0,1,0
300,1,1,1,1,1,0,1,0,0,0,0,0,1,1
301,1,0,0,1,0,0,1,0,0,0,1,0,1,1
302,0,0,0,1,1,1,1,0,1,1,0,0,0,1
303,1,1,1,1,1,1,1,1,0,0,1,0,1,0
304,1,1,1,0,1,1,0,1,0,1,0,1,0,0
305,1,1,1,1,1,1,1,1,1,0,1,0,1,0
306,0,1,1,1,1,1,1,0,0,0,1,0,0,0
307,0,1,1,0,1,0,0,0,1,1,0,0,1,1
308,1,1,1,1,0,0,0,1,1,1,1,1,0,0
309,1,0,0,1,1,0,1,1,0,1,1,0,0,0
310,1,1,1,0,1,0,0,1,0,1,1,0,0,1
311,0,0,0,0,1,1,1,1,0,0,1,1,0,1
312,0,1,1,0,0,1,0,1,1,1,1,1,1,1
313,0,1,1,1,0,0,0,1,1,0,1,1,1,0
314,1,1,1,0,0,0,1,1,0,0,1,1,1,1
315,1,1,1,1,0,1,1,0,0,0,1,1,0,1
316,0,0,0,1,1,1,0,1,1,1,1,0,1,0
317,1,0,0,0,0,0,0,0,0,0,0,1,0,0
318,0,0,0,1,1,1,0,0,0,0,1,0,0,0
319,1,1,1,1,1,1,1,0,0,1,1,1,1,1
320,0,0,0,1,0,0,1,0,0,0,0,1,0,0
321,1,1,1,0,0,1,1,1,1,1,1,1,0,0
322,0,0,0,1,0,0,0,0,1,0,1,0,0,0
323,0,0,0,1,1,1,0,1,1,1,0,1,1,1
324,1,1,1,1,0,0,0,1,0,0,1,1,1,0
325,0,1,1,1,1,1,1,0,1,1,0,0,1,0
326,0,0,0,1,1,1,1,1,0,0,1,1,1,1
327,0,1,1,0,1,0,0,1,0,1,1,1,0,0
328,1,1,1,0,0,1,0,0,1,0,1,0,1,0
329,1,0,0,1,1,0,1,1,0,0,0,0,1,1
330,1,0,0,1,0,1,1,0,1,0,1,1,1,0
331,1,0,0,1,0,1,1,0,1,0,0,0,0,1
332,1,0,0,1,1,1,1,1,0,1,1,0,0,0
333,0,0,0,1,0,1,1,0,1,0,1,1,1,0
334,0,0,0,0,1,0,0,0,0,1,0,0,0,1
335,0,0,0,1,0,1,0,1,0,0,1,0,1,0
336,1,0,0,1,1,1,1,1,0,0,1,0,0,0
337,0,0,0,0,0,1,0,0,0,1,1,0,0,0
338,1,0,0,1,1,1,1,0,0,0,1,1,1,0
339,1,1,1,0,1,0,1,0,1,0,1,0,1,0
340,0,1,1,0,0,0,1,1,1,0,1,0,0,0
341,0,1,1,1,0,0,0,0,1,1,0,1,0,0
342,0,0,0,0,0,0,1,0,0,0,0,0,0,0
343,0,1,1,1,0,0,1,0,0,1,1,0,1,0
344,0,1,1,0,1,1,1,0,0,0,1,0,0,0
345,1,1,1,0,1,0,1,1,0,0,0,0,0,1
346,1,0,0,1,0,1,1,0,0,0,1,1,0,0
347,0,1,1,1,0,1,0,1,1,1,0,0,0,0
348,1,0,0,0,0,1,1,1,1,0,1,1,1,1
349,0,1,1,1,1,0,1,0,1,1,1,0,1,1
350,1,0,0,0,0,1,1,1,1,1,0,0,1,0
351,0,0,0,0,1,0,0,0,1,1,0,1,1,0
352,1,1,1,1,1,0,1,0,0,0,1,1,0,0
353,1,0,0,0,1,1,0,1,1,1,0,0,0,0
354,1,0,0,0,0,0,0,1,1,0,1,0,0,0
355,0,1,1,0,0,1,0,1,1,0,0,0,1,0
356,1,1,1,1,0,1,1,1,1,1,0,1,1,1
357,1,1,1,0,1,0,1,1,0,0,1,1,0,1
358,0,1,1,1,0,1,0,1,0,1,0,0,0,0
359,1,0,0,1,1,0,0,0,1,1,0,0,0,0
360,0,0,0,0,1,0,1,1,1,0,1,0,1,1
361,0,1,1,0,0,0,1,0,0,0,1,0,1,0
362,1,1,1,0,1,1,0,1,0,1,0,1,1,0
363,0,1,1,0,1,0,0,0,1,0,0,0,1,1
364,0,1,1,0,1,0,0,0,1,1,0,0,1,1
365,0,0,0,0,0,0,0,0,1,1,0,0,0,1
366,1,0,0,0,0,0,1,0,0,0,1,1,1,0
367,0,1,1,1,0,0,0,1,1,0,1,0,1,0
368,0,0,0,1,0,0,1,1,1,0,0,1,0,0
369,1,0,0,0,1,1,1,0,1,1,0,0,1,1
370,1,0,0,0,0,0,0,1,0,1,1,0,0,0
371,0,0,0,1,0,1,0,1,0,1,1,1,1,1
372,1,1,1,1,1,0,1,0,1,1,1,1,1,0
373,0,1,1,1,1,0,1,0,1,1,1,0,1,0
374,0,0,0,0,1,1,0,1,1,0,0,0,0,0
375,1,0,0,1,1,0,1,0,1,1,1,0,1,1
376,1,0,0,0,1,0,0,1,0,0,0,1,0,0
377,1,0,0,1,1,0,0,0,0,0,0,1,1,0
378,1,1,1,1,0,1,0,0,0,1,1,0,0,0
379,1,0,0,0,1,0,0,0,1,1,1,0,1,1
380,0,0,0,1,0,0,0,1,1,1,1,0,0,1
381,0,0,0,1,0,0,0,0,0,1,1,1,0,0
382,1,0,0,1,0,1,1,1,0,0,1,1,1,0
383,1,1,1,0,1,0,1,1,0,1,1,1,1,1
384,0,1,1,1,1,0,1,0,0,0,0,1,1,0
385,0,1,1,1,1,1,1,0,1,0,1,0,1,0
386,0,1,1,0,0,0,1,0,1,0,0,0,0,0
387,0,0,0,1,1,1,0,1,1,1,0,1,0,1
388,0,0,0,0,1,0,1,1,1,0,1,1,1,0
389,0,0,0,1,1,1,0,0,0,0,1,0,1,0
390,0,1,1,0,1,0,0,1,0,0,0,1,0,0
391,0,0,0,1,0,0,1,1,1,0,0,0,1,1
392,0,0,0,1,1,1,1,0,0,1,0,1,1,1
393,1,0,0,0,0,1,1,0,1,0,0,1,0,0
394,1,1,1,1,0,1,0,0,0,1,1,0,0,0
395,1,1,1,0,1,0,1,1,0,1,1,1,0,1
396,0,0,0,0,0,0,0,1,1,0,1,1,1,0
397,0,0,0,0,0,1,1,1,1,0,0,0,1,1
398,1,1,1,0,1,0,1,1,1,0,1,0,1,0
399,0,0,0,1,0,0,1,1,1,0,1,0,1,0
400,1,1,1,0,0,1,1,0,1,1,0,0,1,0
401,0,1,1,0,0,1,0,1,1,0,0,1,0,0
402,1,0,0,1,0,1,1,0,1,1,0,1,1,1
403,1,0,0,1,1,0,1,0,0,1,1,1,0,1
404,1,1,1,1,0,1,1,1,0,0,1,0,0,0
405,1,0,0,0,1,1,0,1,0,0,0,1,0,1
406,0,1,1,0,1,1,0,1,1,0,0,1,1,0
407,0,0,0,1,0,1,0,0,0,1,0,0,1,0
408,1,1,1,0,0,0,0,1,1,1,0,1,0,0
409,0,0,0,0,0,0,0,0,0,0,0,1,1,0
410,0,0,0,0,1,0,1,0,0,1,0,0,0,1
411,1,0,0,0,1,1,1,1,1,1,0,1,1,0
412,0,0,0,1,1,1,1,1,1,0,0,0,1,1
413,1,0,0,0,0,0,0,1,1,0,1,0,0,1
414,0,1,1,0,0,1,0,0,0,1,0,0,1,1
415,0,1,1,1,1,1,1,1,1,1,0,1,0,0
416,0,0,0,0,1,0,0,0,0,1,1,1,0,0
417,1,0,0,0,1,0,0,1,1,0,0,0,0,1
418,1,1,1,1,1,0,0,0,1,0,0,0,0,0
419,1,0,0,0,1,0,0,0,0,1,1,1,1,0
420,1,0,0,0,1,0,1,1,1,1,0,1,1,1
421,0,0,0,0,0,0,1,0,0,1,0,1,1,1
422,0,1,1,1,0,1,1,1,1,1,0,0,1,1
423,0,0,0,1,1,0,1,0,0,1,1,1,1,1
424,1,0,0,1,1,1,1,0,1,0,0,0,0,1
425,1,1,1,0,0,0,1,0,0,1,1,0,0,0
426,0,1,1,1,1,1,0,1,0,1,0,0,1,1
427,1,1,1,1,0,0,0,0,0,1,1,1,0,1
428,1,0,0,1,0,0,0,0,0,0,1,0,0,0
429,0,0,0,1,1,0,1,0,0,0,1,1,0,1
430,1,0,0,0,0,0,1,0,1,1,0,0,0,0
431,0,0,0,0,1,1,1,0,0,0,1,0,0,0
432,0,0,0,0,0,0,1,1,0,0,0,1,1,1
433,0,1,1,0,1,0,1,1,0,0,0,0,1,1
434,1,0,0,1,1,0,0,0,1,0,0,0,1,0
435,1,0,0,0,1,1,1,1,1,1,0,0,0,0
436,1,1,1,0,1,0,0,0,1,0,0,0,1,0
437,1,0,0,0,0,1,0,0,0,0,0,0,1,0
438,1,1,1,1,1,1,1,1,0,1,1,0,1,0
439,1,0,0,0,1,0,1,0,0,0,1,0,0,1
440,0,1,1,0,1,1,1,1,0,1,0,1,0,0
441,1,0,0,1,1,1,0,1,0,0,1,0,1,1
442,1,1,1,0,1,0,1,1,1,0,1,0,0,1
443,1,0,0,1,1,1,1,0,0,1,1,1,1,1
444,1,1,1,1,1,0,0,0,1,1,1,0,0,0
445,1,1,1,1,1,1,0,1,0,1,0,0,1,1
446,1,0,0,1,0,0,0,0,1,0,0,0,1,0
447,1,0,0,0,0,1,0,1,1,0,0,0,1,1
448,0,1,1,0,0,1,1,0,0,0,0,1,1,1
449,1,1,1,0,0,0,1,0,1,0,0,0,1,1
450,1,0,0,0,1,0,1,0,1,0,0,1,1,1
451,1,1,1,1,0,0,0,1,1,1,1,0,0,0
452,1,1,1,0,1,0,0,1,1,0,1,1,1,0
453,1,0,0,1,1,1,1,0,1,1,0,1,0,0
454,1,1,1,0,1,1,0,0,0,1,1,0,0,1
455,1,0,0,1,0,0,0,1,0,1,1,0,1,0
456,0,1,1,1,1,1,1,1,1,0,0,1,0,0
457,1,1,1,0,0,0,0,0,1,1,1,1,0,1
458,0,0,0,1,1,0,0,1,0,0,1,1,1,1
459,1,0,0,0,0,1,1,0,1,0,1,1,1,1
460,0,0,0,1,1,1,0,1,0,1,1,1,0,1
461,0,0,0,1,1,1,1,0,0,1,1,1,0,1
462,1,1,1,1,1,1,1,0,0,1,1,1,1,0
463,0,0,0,0,0,0,0,0,0,0,1,0,1,0
464,0,0,0,0,1,1,0,1,0,0,1,0,0,0
465,1,0,0,0,1,0,0,1,0,1,1,1,0,0
466,1,1,1,1,1,0,1,0,0,1,1,1,0,1
467,1,1,1,0,0,1,1,1,1,1,0,1,1,1
468,0,0,0,1,1,1,0,0,0,1,0,0,0,1
469,1,0,0,0,0,0,1,1,1,0,1,0,0,1
470,1,1,1,1,1,1,0,0,0,1,0,0,0,1
471,1,1,1,1,1,1,1,0,1,0,0,1,0,0
472,1,0,0,0,0,0,0,0,1,0,1,0,0,1
473,0,1,1,0,0,1,1,1,1,1,1,1,1,1
474,0,1,1,1,0,0,1,1,1,1,1,1,1,1
475,1,0,0,0,0,1,1,0,1,1,1,0,1,1
476,0,0,0,0,0,1,0,1,0,1,1,1,0,0
477,0,0,0,1,0,0,1,1,0,0,0,1,1,0
478,1,0,0,0,1,0,0,1,0,1,0,1,0,0
479,1,0,0,1,0,1,1,1,1,0,0,0,1,0
480,1,0,0,1,0,1,0,0,0,1,0,1,0,0
481,0,1,1,0,1,1,1,1,0,0,1,0,1,0
482,0,0,0,1,1,0,0,1,1,0,1,0,1,0
483,1,0,0,0,0,1,1,0,1,0,1,0,1,1
484,1,0,0,0,1,1,1,1,1,1,0,0,0,1
485,0,0,0,0,0,1,1,1,1,0,0,0,1,0
486,1,0,0,0,1,0,0,0,1,1,0,1,0,0
487,0,0,0,0,1,0,0,1,0,1,0,0,1,1
488,0,1,1,0,1,1,1,0,1,1,1,1,0,0
489,1,0,0,1,1,1,1,0,1,1,1,1,1,0
490,0,0,0,1,0,0,0,0,0,1,0,1,0,1
491,1,0,0,0,0,1,1,0,0,1,0,0,1,1
492,1,0,0,0,0,1,1,1,0,0,0,0,1,0
493,1,1,1,0,0,1,0,0,0,0,0,1,0,0
494,0,0,0,1,0,1,0,1,0,0,1,0,0,0
495,0,1,1,0,1,1,1,0,0,1,0,1,1,0
496,0,1,1,0,0,0,0,0,0,1,0,1,0,1
497,1,0,0,0,1,1,1,0,0,0,1,0,0,0
498,1,0,0,0,0,0,0,0,1,0,1,1,0,0
499,0,1,1,1,0,1,0,0,1,1,0,1,1,0
500,1,0,0,1,1,0,0,1,1,0,1,1,0,1
501,0,0,0,0,1,1,1,0,1,0,0,1,1,0
502,1,1,1,1,1,1,0,1,1,1,0,0,1,1
503,0,1,1,1,1,1,0,1,0,1,1,1,0,0
504,1,0,0,0,0,0,1,0,1,0,0,0,1,0
505,1,1,1,0,0,1,1,0,1,1,1,1,1,0
506,1,0,0,1,0,1,0,1,0,0,1,1,0,0
507,1,1,1,0,1,0,0,1,1,0,0,1,1,0
508,0,0,0,1,0,1,1,0,0,1,1,0,1,1
509,1,1,1,1,0,0,1,1,0,1,0,0,0,1
510,1,1,1,1,1,0,0,1,0,1,1,0,1,0
511,1,0,0,1,0,1,1,0,0,0,0,0,1,0
512,0,0,0,0,0,0,0,0,0,1,1,0,1,0
513,0,0,0,0,1,0,1,1,1,0,0,1,1,1
514,1,1,1,1,1,0,0,0,0,0,1,0,0,0
515,0,1,1,1,0,0,1,0,0,1,1,1,1,1
516,1,1,1,1,1,1,0,0,1,1,1,0,0,1
517,0,0,0,0,1,0,0,0,1,1,0,0,1,1
518,1,0,0,0,0,1,1,0,0,0,1,0,0,0
519,1,1,1,0,0,1,1,1,1,1,0,1,0,1
520,1,0,0,0,1,1,0,1,1,0,1,0,0,1
521,1,0,0,1,1,1,0,1,1,1,1,0,0,0
522,0,1,1,1,0,1,1,0,0,0,1,0,1,1
523,0,1,1,1,1,1,0,1,0,0,1,1,0,1
524,0,1,1,0,1,1,0,1,1,0,0,1,1,1
525,0,0,0,0,1,0,1,1,0,0,1,1,0,1
526,1,0,0,0,0,0,0,1,0,0,1,1,1,0
527,0,1,1,1,0,0,0,1,1,1,0,0,1,1
528,1,0,0,0,0,0,1,0,0,0,0,0,0,1
529,0,0,0,0,1,1,0,0,0,0,0,0,1,0
530,1,1,1,1,0,1,0,1,0,1,1,0,0,1
531,1,1,1,0,1,1,0,0,1,1,1,1,0,0
532,0,1,1,0,1,0,0,1,0,1,0,0,1,0
533,1,0,0,0,1,1,0,0,0,0,1,1,0,1
534,0,0,0,0,0,1,0,1,1,0,0,0,0,0
535,0,0,0,0,1,1,0,1,1,1,1,1,1,0
536,1,1,1,0,0,0,1,1,0,1,1,0,0,0
537,0,1,1,0,0,1,0,1,0,1,0,1,0,1
538,1,1,1,0,1,0,1,1,0,1,0,1,0,1
539,1,0,0,0,0,1,0,0,0,1,0,1,0,0
540,0,0,0,1,0,1,0,0,0,1,0,0,1,0
541,0,1,1,1,1,1,1,0,1,0,1,1,1,1
542,0,1,1,1,0,0,1,0,0,0,0,1,0,1
543,1,1,1,0,1,1,0,1,0,0,0,1,0,0
544,1,0,0,0,0,0,0,1,0,0,0,1,1,1
545,1,1,1,1,0,0,0,0,1,0,0,0,1,1
546,0,1,1,0,0,0,1,1,0,0,1,1,1,1
547,0,1,1,1,1,0,0,1,0,0,1,0,1,1
548,0,1,1,1,0,1,0,0,1,1,0,0,1,0
549,1,0,0,0,0,1,1,1,1,1,1,0,1,0
550,1,1,1,0,0,0,1,1,1,1,0,1,1,1
551,1,1,1,1,0,0,0,0,1,0,1,1,0,1
552,1,1,1,1,1,1,1,1,0,1,0,1,0,0
553,1,0,0,1,1,0,0,0,0,1,1,1,0,1
554,1,1,1,1,0,0,0,1,0,1,1,1,0,1
555,0,1,1,0,0,1,0,1,0,0,1,0,0,0
556,0,0,0,1,1,0,0,0,0,0,1,1,1,1
557,1,1,1,1,0,1,0,1,0,1,0,0,1,0
558,0,0,0,1,1,1,1,1,0,1,0,1,1,0
559,0,1,1,1,1,1,0,1,0,1,0,1,0,1
560,1,0,0,1,0,1,1,1,1,1,1,0,1,1
561,0,1,1,0,0,0,1,1,0,0,1,1,1,0
562,0,1,1,0,1,0,1,1,1,0,0,1,0,0
563,1,1,1,0,0,0,0,1,0,1,1,0,0,1
564,0,1,1,1,0,0,0,1,0,1,0,1,1,1
565,1,0,0,1,1,0,1,0,0,0,0,0,1,1
566,0,0,0,0,1,0,1,0,1,0,1,1,0,1
567,0,0,0,0,1,1,1,1,0,1,0,0,0,0
568,0,0,0,0,1,0,0,1,1,1,1,0,0,0
569,0,0,0,1,0,1,1,1,0,0,1,0,0,0
570,0,1,1,1,1,1,1,0,1,0,1,1,0,1
571,0,0,0,1,1,0,0,0,1,0,0,0,1,1
572,1,0,0,1,1,1,1,1,0,0,1,1,1,0
573,1,1,1,0,1,0,0,1,0,0,0,1,1,0
574,0,0,0,1,1,1,0,0,0,1,0,1,0,1
575,0,0,0,0,0,0,1,0,1,1,0,1,1,0
576,0,0,0,1,0,0,0,0,0,0,0,1,0,0
577,0,1,1,1,0,0,0,0,1,1,0,1,1,1
578,0,0,0,0,1,1,0,1,1,0,1,1,1,1
579,1,1,1,0,0,1,0,0,0,1,1,1,1,0
580,0,0,0,1,1,0,1,0,1,1,1,0,0,0
581,1,0,0,0,0,0,1,0,0,0,1,0,0,1
582,0,1,1,1,0,0,0,1,0,1,1,0,0,1
583,0,0,0,1,0,0,1,0,1,0,0,1,1,1
584,0,0,0,1,1,0,0,0,0,1,1,0,1,0
585,0,1,1,0,0,0,1,0,0,1,1,0,0,1
586,1,1,1,0,1,1,0,1,1,0,1,0,0,0
587,1,0,0,0,1,1,0,0,1,1,0,1,0,1
588,1,0,0,1,0,1,1,1,0,1,1,0,1,0
589,0,1,1,0,0,1,0,1,0,0,0,1,0,0
590,1,1,1,1,1,0,1,1,0,1,1,1,0,0
591,1,1,1,1,1,1,0,1,1,0,1,0,0,1
592,0,1,1,1,0,0,0,1,1,0,0,1,0,1
593,1,1,1,0,1,0,0,1,1,1,1,0,0,1
594,1,0,0,0,1,0,1,1,0,0,1,1,1,1
595,1,0,0,1,1,1,0,0,0,1,0,0,1,0
596,0,0,0,0,0,1,1,0,1,0,0,0,0,1
597,0,0,0,1,0,1,1,0,0,0,0,0,1,1
598,0,0,0,0,1,1,0,1,1,1,0,0,0,0
599,1,0,0,1,1,1,0,0,0,0,0,1,1,0
600,1,0,0,0,1,0,1,1,1,0,1,1,1,0
601,0,0,0,1,1,1,0,1,0,1,0,1,1,1
602,1,1,1,1,1,1,0,1,0,1,0,0,1,0
603,0,1,1,1,0,0,0,1,0,0,1,1,0,0
604,1,1,1,1,1,1,1,1,0,0,1,0,0,1
605,1,1,1,0,1,1,0,1,1,1,0,1,1,1
606,1,1,1,0,1,1,1,1,1,1,1,0,0,0
607,0,0,0,1,1,0,0,0,0,0,0,1,0,1
608,1,1,1,1,1,0,1,0,1,0,1,1,0,1
609,0,1,1,1,0,0,0,0,0,0,1,0,0,0
610,1,0,0,1,0,1,1,0,0,1,0,0,1,1
611,1,1,1,0,1,0,0,1,0,0,1,0,1,0
612,1,1,1,1,1,0,1,0,1,1,0,1,1,1
613,1,0,0,1,0,1,0,1,1,1,0,0,0,0
614,0,1,1,0,1,1,1,1,1,1,0,1,0,1
615,1,1,1,1,0,0,1,0,0,1,0,1,0,1
616,1,0,0,1,1,1,0,0,1,1,0,1,0,1
617,1,0,0,1,0,1,0,0,0,1,0,0,1,0
618,0,1,1,1,0,1,0,1,0,1,1,0,1,0
619,1,0,0,1,1,0,1,0,0,1,1,1,1,0
620,1,1,1,0,0,0,1,1,0,1,0,1,0,1
621,1,0,0,1,1,0,0,0,0,0,0,1,0,1
622,0,0,0,1,1,0,0,1,1,0,0,0,0,0
623,0,0,0,0,1,1,1,0,0,1,1,1,0,0
624,1,0,0,0,1,0,0,0,1,0,1,0,1,0
625,1,1,1,1,1,0,1,0,0,1,1,0,0,0
626,0,0,0,1,0,1,0,0,0,0,1,1,1,0
627,1,1,1,0,1,0,0,0,1,1,0,1,1,1
628,0,1,1,0,1,0,0,1,0,0,1,0,0,1
629,1,0,0,1,0,1,0,0,0,0,1,1,0,0
630,0,1,1,0,0,0,1,1,1,0,1,0,1,1
631,0,1,1,1,1,1,1,0,0,1,1,1,1,0
632,0,1,1,1,1,0,0,1,0,0,0,1,1,0
633,0,1,1,0,0,1,0,1,0,0,0,1,1,0
634,0,1,1,1,1,0,0,1,1,0,0,0,1,0
635,0,0,0,1,0,1,1,1,1,1,1,0,1,0
636,0,0,0,1,0,1,1,0,0,1,0,1,0,1
637,0,1,1,1,0,1,0,0,1,1,0,1,0,1
638,0,0,0,1,0,1,0,0,0,0,0,1,0,1
639,0,0,0,0,1,1,1,0,0,1,1,1,0,0
640,1,0,0,0,0,1,0,0,1,0,1,0,0,1
641,1,1,1,0,1,0,1,0,0,1,0,0,1,0
642,1,1,1,0,1,1,0,0,1,1,0,1,1,1
643,1,1,1,0,0,0,1,0,1,0,0,0,0,0
644,1,1,1,1,0,0,0,1,1,1,0,0,0,0
645,1,1,1,0,1,0,1,0,1,1,1,0,1,0
646,1,0,0,1,0,1,1,1,1,0,0,1,0,0
647,1,1,1,1,1,0,0,1,0,1,1,1,1,1
648,1,0,0,1,1,1,0,0,0,1,1,0,0,0
649,0,0,0,1,0,0,1,0,1,1,0,1,1,0
650,1,0,0,0,1,0,1,0,1,0,1,0,0,0
651,0,1,1,1,0,1,1,0,0,0,1,1,1,1
652,1,1,1,0,1,1,1,0,0,0,1,1,1,0
653,1,1,1,1,0,0,0,0,0,1,1,0,0,1
654,1,0,0,1,0,1,0,0,0,0,0,0,0,0
655,1,1,1,1,0,0,1,1,1,0,0,0,0,1
656,0,0,0,0,0,0,1,1,0,1,0,0,0,1
657,0,0,0,0,0,1,0,0,0,0,0,0,1,1
658,1,1,1,1,0,1,0,0,1,1,0,0,0,1
659,0,0,0,1,1,0,1,1,1,1,1,0,1,0
660,1,1,1,0,1,0,0,1,0,1,1,0,1,1
661,1,1,1,0,0,0,1,1,0,1,0,1,0,0
662,0,1,1,1,0,0,1,1,0,1,1,1,1,1
663,1,0,0,1,1,1,0,0,0,0,1,1,0,0
664,1,0,0,0,1,1,0,0,0,0,1,1,1,0
665,1,0,0,1,1,0,1,1,1,1,0,1,0,1
666,1,0,0,0,1,1,0,0,1,0,1,0,0,0
667,0,0,0,0,1,1,0,0,0,0,1,0,0,1
668,1,0,0,1,1,1,0,0,1,0,1,1,0,0
669,1,0,0,1,0,0,1,0,1,0,0,1,1,0
670,1,0,0,0,0,1,1,0,1,0,0,1,1,1
671,1,0,0,1,0,0,1,1,1,0,1,0,1,1
672,1,0,0,1,1,1,1,0,0,1,1,0,1,0
673,0,0,0,1,0,1,1,1,1,1,0,0,0,0
674,1,0,0,0,1,1,1,0,1,0,0,0,1,0
675,1,1,1,0,1,1,0,1,0,1,0,1,1,1
676,1,1,1,1,0,0,1,0,0,0,0,1,0,1
677,1,0,0,1,1,1,1,1,0,0,1,0,1,0
678,0,1,1,1,0,1,0,1,1,1,0,0,0,1
679,1,0,0,0,0,1,1,1,0,0,0,0,1,1
680,1,1,1,0,1,1,0,1,0,0,0,1,1,0
681,0,1,1,0,0,0,0,1,0,0,0,1,1,1
682,1,1,1,1,1,1,1,0,0,0,1,0,1,1
683,0,1,1,1,0,1,0,1,0,1,1,1,1,0
684,0,1,1,0,1,0,0,0,1,0,0,1,1,0
685,1,1,1,0,1,1,1,1,0,1,1,0,0,0
686,1,1,1,1,1,1,1,1,1,0,0,0,0,0
687,0,0,0,0,0,1,0,0,0,0,1,1,1,1
688,1,1,1,1,1,0,0,1,1,0,1,1,1,0
689,1,1,1,0,0,0,1,0,1,1,0,0,0,1
690,1,1,1,1,0,1,1,1,0,1,1,1,0,0
691,1,0,0,1,0,1,0,1,1,0,1,0,0,0
692,0,1,1,0,0,1,1,1,1,1,1,1,0,0
693,0,1,1,0,1,1,1,0,1,0,0,0,1,0
694,0,0,0,0,1,0,0,1,1,0,0,0,1,1
695,0,0,0,1,1,0,1,1,1,0,1,0,1,1
696,0,0,0,1,1,1,0,0,0,1,0,1,0,1
697,1,0,0,0,1,1,0,1,0,1,1,1,1,1
698,1,0,0,0,1,0,1,1,0,0,1,1,0,1
699,1,0,0,1,0,1,0,0,1,1,1,1,0,1
700,1,1,1,0,0,0,1,1,1,1,0,1,0,1
701,1,0,0,0,0,0,0,1,1,1,1,0,1,0
702,0,1,1,0,1,0,1,0,1,0,0,0,1,1
703,1,0,0,1,0,0,1,0,0,0,0,0,0,0
704,1,1,1,0,0,0,1,0,1,0,0,0,1,1
705,1,1,1,0,0,1,0,1,1,0,0,0,1,0
706,1,1,1,1,1,1,1,1,1,0,0,1,1,1
707,1,1,1,0,1,1,1,0,1,0,1,0,1,1
708,0,1,1,1,0,0,1,0,0,0,0,0,0,1
709,0,0,0,1,1,0,1,0,0,0,0,0,0,0
710,0,1,1,1,1,0,0,0,0,0,1,0,0,0
711,0,1,1,1,0,1,1,1,0,0,0,1,0,0
712,1,0,0,1,1,1,1,1,0,1,0,0,0,1
713,0,0,0,0,0,1,1,0,0,1,1,0,1,1
714,1,0,0,1,0,1,1,1,1,0,0,0,1,1
715,1,1,1,0,1,0,0,0,1,1,0,0,1,0
716,0,0,0,1,0,1,1,0,0,0,0,0,0,1
717,1,0,0,0,0,1,1,0,0,0,1,0,0,1
718,0,0,0,1,0,1,1,1,1,1,0,0,1,0
719,1,0,0,1,1,0,0,0,0,1,0,0,0,0
720,1,1,1,1,0,0,0,1,0,0,1,0,0,1
721,1,0,0,0,1,0,1,0,1,0,1,0,0,1
722,1,0,0,0,0,1,1,0,1,1,0,0,0,0
723,0,1,1,1,0,1,1,1,0,0,1,0,1,1
724,1,0,0,1,0,1,1,1,0,0,1,0,0,0
725,1,0,0,1,1,1,1,0,0,0,0,1,0,1
726,1,1,1,1,1,1,0,0,1,1,1,0,0,1
727,1,0,0,0,1,0,0,0,1,0,1,0,0,0
728,1,0,0,0,0,0,1,0,1,1,1,0,1,0
729,0,0,0,1,0,0,0,0,1,0,1,1,1,1
730,1,0,0,1,1,0,1,1,1,0,0,1,1,0
731,0,1,1,0,1,1,0,1,0,0,0,1,0,1
732,0,1,1,1,0,1,1,1,0,0,0,0,1,0
733,0,0,0,0,1,1,0,1,1,0,1,0,1,1
734,0,0,0,0,0,1,0,1,1,1,1,0,0,0
735,0,0,0,1,0,1,1,0,1,1,1,1,0,0
736,1,1,1,0,0,0,1,1,0,0,0,0,0,0
737,0,0,0,0,1,0,1,0,1,1,0,0,0,1
738,0,0,0,0,1,0,0,0,0,0,0,0,1,1
739,1,1,1,1,0,1,0,1,0,1,1,0,0,0
740,0,0,0,0,0,1,0,0,0,0,1,0,1,0
741,1,0,0,1,1,1,1,0,0,0,0,0,0,0
742,0,1,1,1,0,0,1,0,0,1,1,1,1,0
743,0,0,0,1,1,1,1,1,0,1,0,0,0,0
744,1,1,1,1,1,1,1,0,1,1,0,0,0,0
745,0,1,1,1,1,1,0,1,1,0,1,1,1,1
746,0,0,0,1,1,0,0,0,1,1,1,0,0,1
747,0,1,1,0,1,1,0,0,0,0,1,0,0,1
748,1,0,0,1,0,0,1,1,1,0,0,1,0,0
749,0,1,1,0,0,1,1,1,0,0,0,0,1,1
750,0,1,1,1,1,1,1,1,0,0,1,1,0,1
751,0,1,1,1,1,0,0,0,1,0,0,1,1,1
752,1,0,0,0,0,0,0,1,1,0,0,0,1,1
753,1,1,1,0,1,1,1,0,0,1,0,0,1,1
754,1,0,0,0,1,0,0,0,0,1,1,1,1,1
755,0,0,0,0,0,0,1,0,1,1,0,0,0,1
756,1,1,1,0,1,1,0,1,0,0,1,1,0,1
757,0,0,0,1,0,0,1,1,0,0,0,0,1,0
758,1,1,1,1,1,0,0,1,1,1,1,0,0,1
759,1,0,0,0,1,1,0,1,0,1,0,1,1,1
760,1,0,0,0,0,0,1,0,0,1,0,1,1,0
761,1,0,0,1,1,1,0,1,0,1,0,1,0,1
762,0,1,1,0,1,1,0,1,1,1,1,1,0,1
763,1,1,1,0,0,0,1,1,1,1,0,0,1,1
764,1,0,0,0,0,0,0,0,0,0,1,1,0,1
765,1,0,0,0,1,0,0,0,0,1,1,1,1,1
766,0,0,0,0,1,0,0,1,1,0,1,1,1,1
767,1,0,0,0,0,0,1,0,1,0,0,0,1,0
768,1,1,1,1,0,1,1,1,0,0,1,1,0,0
769,1,1,1,0,0,1,0,1,1,1,1,0,1,0
770,1,1,1,1,1,0,1,1,0,0,1,0,0,1
771,0,1,1,1,0,0,1,0,1,1,0,1,1,0
772,0,1,1,0,0,0,1,0,1,0,1,0,0,1
773,1,0,0,0,0,1,1,0,0,0,0,1,1,1
774,0,0,0,0,1,0,1,1,1,1,0,1,1,1
775,0,0,0,0,0,1,1,1,1,0,1,1,1,0
776,1,0,0,0,0,1,0,0,1,1,1,0,1,0
777,1,0,0,1,1,0,0,0,0,0,0,1,0,1
778,0,0,0,1,1,1,0,1,1,0,0,1,0,0
779,0,1,1,1,1,1,1,0,0,1,1,0,0,1
780,1,0,0,0,1,0,0,0,1,0,0,1,0,1
781,0,0,0,1,1,0,0,1,1,0,1,0,0,0
782,0,0,0,0,0,0,1,0,0,1,0,1,0,0
783,0,0,0,1,1,0,0,0,1,0,0,1,1,0
784,1,1,1,1,0,0,0,1,1,1,0,1,0,1
785,0,1,1,0,1,0,0,1,0,1,0,0,0,1
786,0,1,1,1,1,1,1,0,1,0,0,0,0,1
787,0,1,1,0,1,1,0,1,0,1,1,0,1,0
788,0,1,1,1,0,1,1,1,1,0,1,1,0,1
789,0,1,1,1,0,1,1,0,0,0,0,0,0,0
790,0,0,0,0,1,0,1,0,0,0,1,0,1,1
791,1,1,1,0,0,0,0,1,1,0,1,0,0,1
792,1,1,1,1,1,0,1,0,1,1,1,1,1,1
793,0,1,1,0,0,1,1,1,0,0,0,0,0,1
794,0,0,0,1,0,1,0,0,0,1,0,1,1,1
795,0,1,1,1,0,0,0,0,0,0,0,0,1,0
796,1,0,0,1,1,0,0,0,1,1,0,1,1,0
797,1,1,1,1,0,0,0,0,1,0,1,0,1,1
798,1,0,0,0,1,1,1,0,1,1,1,0,1,1
799,1,1,1,1,0,1,1,1,0,0,1,1,0,1
800,0,1,1,1,0,0,1,1,1,0,0,0,1,0
801,0,1,1,1,1,1,1,1,0,1,1,0,0,0
802,0,1,1,0,1,1,0,1,1,0,1,1,1,0
803,0,0,0,1,1,0,1,1,0,0,1,1,0,1
804,0,0,0,0,0,1,1,1,0,1,0,0,0,1
805,1,1,1,1,1,0,0,0,1,0,0,0,1,1
806,0,1,1,0,1,0,0,1,1,1,0,1,0,0
807,0,0,0,0,0,0,1,0,1,1,0,0,1,1
808,1,1,1,0,0,1,0,0,0,1,1,0,0,1
809,1,1,1,0,1,1,0,0,0,0,0,1,0,0
810,1,1,1,0,0,1,1,1,0,0,1,0,0,0
811,0,0,0,1,1,0,0,0,0,0,1,1,1,1
812,0,1,1,1,0,0,0,0,1,1,1,0,1,1
813,1,1,1,1,1,0,1,1,0,1,0,1,0,1
814,1,1,1,0,0,0,1,0,1,0,1,0,0,1
815,0,0,0,0,0,1,0,0,0,0,1,0,0,0
816,0,0,0,1,1,1,0,0,1,1,0,0,0,1
817,0,1,1,1,0,0,0,0,1,0,1,1,0,0
818,1,0,0,1,1,1,0,1,1,0,0,0,0,1
819,1,0,0,0,1,0,0,0,1,0,0,1,1,0
820,1,0,0,1,0,0,1,0,0,0,0,0,0,0
821,0,0,0,1,0,0,0,1,0,0,1,1,0,1
822,1,0,0,1,1,0,0,0,1,0,0,0,0,0
823,0,0,0,0,1,0,0,1,0,0,0,0,0,0
824,1,1,1,0,0,1,1,0,1,0,0,0,0,0
825,0,1,1,0,0,1,1,1,0,1,0,0,0,0
826,0,0,0,1,0,1,0,1,1,1,1,0,1,0
827,1,1,1,1,1,0,0,1,1,0,0,0,0,1
828,1,0,0,0,0,0,1,0,1,1,0,1,0,1
829,0,0,0,1,0,0,0,1,0,0,1,1,1,0
830,0,1,1,1,0,1,1,1,1,1,0,0,0,0
831,1,0,0,1,0,0,1,1,1,1,0,0,0,0
832,1,1,1,1,1,1,0,0,0,0,1,1,0,0
833,0,0,0,0,0,1,0,1,0,1,1,0,1,1
834,1,0,0,1,1,0,1,1,1,1,0,0,0,1
835,1,0,0,0,0,0,1,1,1,0,0,1,0,1
836,1,0,0,0,1,1,0,1,1,0,1,0,1,0
837,1,1,1,0,0,1,1,1,0,0,1,0,1,1
838,0,0,0,1,0,1,0,0,1,0,1,0,1,0
839,0,1,1,0,1,0,1,1,1,1,1,0,0,1
840,0,0,0,1,1,1,0,0,1,1,0,0,1,0
841,0,1,1,0,0,1,0,0,0,0,1,1,1,1
842,0,1,1,0,1,1,0,1,0,0,1,0,1,0
843,0,0,0,1,0,0,1,1,1,1,1,0,1,0
844,0,1,1,0,0,1,0,0,0,0,1,0,1,1
845,0,1,1,0,1,0,0,1,0,1,1,1,0,0
846,1,1,1,1,0,0,0,0,1,0,1,1,0,1
847,0,0,0,1,0,0,1,0,0,1,1,0,1,1
848,1,1,1,0,0,0,1,1,0,0,0,0,1,1
849,1,0,0,0,1,1,1,0,1,1,1,0,0,1
850,0,0,0,1,1,1,1,0,0,1,1,1,1,1
851,1,0,0,0,0,0,0,0,1,0,1,0,1,0
852,0,0,0,0,0,0,1,1,0,1,1,0,1,1
853,0,1,1,1,0,1,1,0,1,0,0,0,1,0
854,1,1,1,0,1,1,1,0,1,0,1,0,0,1
855,1,0,0,1,1,0,0,1,1,0,1,0,0,1
856,0,0,0,1,1,1,0,0,1,0,0,0,1,0
857,0,1,1,0,1,1,0,0,0,0,0,1,1,0
858,1,0,0,0,1,1,1,0,1,1,0,0,0,0
859,0,1,1,1,1,1,0,0,0,0,0,1,0,0
860,1,0,0,1,0,1,0,1,1,1,0,0,1,1
861,1,0,0,0,1,0,0,1,1,1,1,0,0,0
862,0,0,0,0,0,0,0,0,0,0,1,0,0,0
863,1,0,0,1,1,1,1,1,0,0,0,0,1,0
864,0,0,0,0,1,0,0,0,1,0,0,1,0,0
865,1,0,0,1,0,1,1,1,0,0,1,1,0,0
866,0,1,1,1,0,0,1,1,1,0,1,0,1,1
867,0,1,1,0,0,1,0,0,0,0,1,1,1,0
868,0,1,1,1,0,1,0,1,0,0,1,0,0,0
869,0,1,1,1,1,0,1,0,1,0,0,1,1,0
870,1,1,1,0,0,0,1,0,0,1,0,1,1,0
871,1,1,1,0,1,0,0,1,1,0,0,1,0,1
872,0,0,0,1,1,1,1,1,1,1,0,1,1,0
873,0,1,1,0,0,1,0,1,0,1,1,0,1,0
874,0,0,0,0,0,0,0,1,1,0,1,0,0,1
875,1,0,0,0,1,0,1,0,1,1,0,1,0,0
876,1,1,1,0,0,0,0,0,0,0,0,0,1,1
877,0,0,0,0,1,1,1,0,0,1,0,1,0,0
878,0,0,0,0,1,1,0,1,1,0,0,1,1,0
879,1,1,1,1,0,0,0,1,0,1,0,0,1,0
880,0,1,1,1,1,0,0,1,1,1,0,0,1,1
881,0,1,1,1,1,0,0,1,1,1,0,1,0,0
882,0,1,1,0,0,0,1,0,0,0,1,1,0,1
883,0,0,0,1,1,1,0,1,0,0,1,1,0,0
884,0,1,1,0,0,1,0,0,1,0,1,0,0,1
885,1,0,0,1,1,0,1,1,1,1,1,1,0,0
886,0,1,1,0,0,1,1,1,0,1,1,0,0,1
887,1,1,1,1,1,1,1,0,1,1,1,0,0,0
888,1,1,1,0,0,0,0,1,0,0,1,0,0,1
889,0,0,0,1,1,0,1,0,1,0,0,0,0,0
890,0,1,1,1,0,1,0,1,0,0,0,1,0,1
891,1,1,1,0,1,0,1,0,1,0,1,0,0,1
892,0,0,0,0,1,1,1,1,1,0,0,1,0,1
893,0,0,0,1,0,0,0,1,1,0,1,0,1,1
894,0,1,1,0,1,1,0,0,0,0,1,1,1,0
895,0,1,1,1,1,1,0,1,1,0,0,0,0,0
896,0,0,0,1,1,1,0,0,1,1,0,1,1,1
897,0,0,0,0,0,1,0,1,0,0,0,1,0,0
898,1,0,0,1,0,0,1,1,1,0,0,0,0,0
899,0,1,1,0,1,1,0,1,0,0,1,1,0,1
900,1,1,1,0,0,1,0,0,1,1,0,1,1,0
901,0,1,1,1,0,0,0,0,0,1,0,0,0,0
902,0,1,1,0,0,1,0,1,0,0,1,0,1,1
903,1,0,0,1,1,0,0,1,0,0,0,0,0,1
904,0,0,0,1,0,1,0,1,1,0,1,1,1,0
905,1,1,1,1,1,0,0,1,1,1,0,1,0,1
906,1,0,0,0,1,1,0,1,1,0,0,0,0,0
907,1,0,0,1,0,1,1,1,0,0,1,0,1,1
908,0,0,0,1,0,1,0,1,1,0,0,1,0,0
909,0,0,0,0,0,1,1,0,0,1,1,1,0,0
910,1,0,0,0,1,0,1,1,0,1,0,1,0,1
911,0,0,0,1,0,1,1,1,1,0,0,1,1,0
912,1,1,1,1,1,0,0,0,1,1,1,1,1,1
913,1,0,0,0,0,1,0,0,1,0,0,1,1,0
914,0,1,1,0,1,1,0,0,1,1,1,0,0,0
915,1,1,1,0,1,0,0,0,0,1,0,0,1,0
916,1,1,1,0,0,1,1,1,1,1,1,0,0,1
917,1,1,1,1,1,1,0,1,1,1,1,1,0,1
918,0,0,0,1,0,0,1,0,1,0,0,0,0,0
919,1,0,0,1,1,1,0,1,0,0,0,1,0,0
920,1,0,0,1,0,1,0,1,0,1,0,0,0,0
921,1,0,0,0,0,1,1,1,1,1,1,1,0,1
922,0,0,0,0,1,0,0,1,1,0,0,1,1,1
923,1,1,1,1,1,1,1,0,0,0,0,0,0,1
924,1,1,1,0,1,1,1,1,0,0,0,1,0,0
925,0,0,0,0,1,1,1,1,0,0,1,0,0,0
926,1,0,0,1,1,0,1,1,0,1,1,1,1,1
927,0,1,1,1,1,0,1,1,0,1,0,0,0,0
928,1,1,1,1,0,0,1,1,0,1,1,0,1,0
929,0,0,0,0,1,0,1,0,1,0,0,0,1,1
930,0,0,0,0,0,1,0,1,1,0,0,0,0,1
931,1,1,1,1,0,1,1,1,1,1,0,1,0,1
932,0,0,0,0,1,0,0,0,1,0,1,0,0,1
933,1,1,1,1,1,0,1,1,1,0,0,0,0,0
934,0,0,0,0,0,1,0,0,1,1,0,1,1,0
935,0,1,1,0,0,0,0,1,0,1,1,0,1,0
936,1,0,0,0,0,0,0,1,0,1,1,1,1,1
937,0,1,1,1,1,1,1,1,0,0,0,1,1,0
938,0,0,0,1,1,1,1,0,1,1,0,0,0,1
939,0,1,1,1,1,0,1,1,0,1,0,0,0,1
940,1,1,1,0,0,0,1,0,0,0,0,1,1,1
941,0,1,1,0,1,0,0,0,0,1,1,1,1,0
942,1,1,1,0,0,1,0,0,0,0,0,0,1,0
943,1,0,0,0,0,0,1,0,0,1,1,1,0,0
944,0,0,0,1,0,0,0,0,1,0,0,0,0,1
945,0,0,0,1,0,1,0,0,1,0,0,1,1,0
946,0,1,1,0,0,0,0,1,0,1,0,0,0,1
947,0,1,1,0,0,1,0,1,1,1,1,0,1,0
948,0,0,0,0,0,1,0,0,1,1,0,0,1,1
949,1,1,1,1,0,1,1,0,1,0,0,0,0,1
950,1,1,1,0,0,1,1,0,0,0,1,1,1,0
951,0,1,1,0,0,1,1,1,1,1,0,1,0,1
952,1,0,0,1,0,0,0,0,1,0,0,0,0,1
953,0,0,0,1,1,0,0,1,1,0,0,1,0,0
954,0,0,0,1,0,0,1,1,1,1,0,0,0,0
955,0,1,1,0,1,1,0,1,0,1,0,1,1,1
956,1,1,1,1,0,1,1,1,0,1,1,0,1,0
957,0,1,1,0,1,0,0,0,1,0,1,1,1,1
958,1,0,0,0,1,1,1,1,0,0,0,1,1,1
959,1,1,1,1,0,1,1,0,0,0,0,1,0,1
960,0,0,0,1,1,1,1,0,1,1,1,1,1,1
961,1,0,0,1,0,1,0,0,1,1,1,0,0,1
962,0,1,1,1,0,1,0,1,1,0,0,1,1,1
963,0,0,0,1,1,1,0,0,1,0,1,0,1,0
964,1,0,0,1,0,1,0,1,0,1,1,1,1,1
965,1,1,1,1,0,0,1,0,1,0,1,0,0,0
966,0,1,1,0,0,0,0,0,1,1,1,1,1,0
967,1,1,1,0,1,1,0,0,0,0,1,1,1,1
968,1,1,1,0,0,0,0,1,0,1,1,0,0,0
969,0,1,1,1,0,0,0,0,1,1,1,0,0,1
970,1,1,1,1,1,1,1,0,0,0,0,1,1,0
971,0,0,0,1,1,0,1,1,1,0,1,0,1,1
972,1,1,1,1,1,0,1,0,0,1,0,1,0,0
973,1,0,0,0,0,1,1,0,1,1,0,1,1,0
974,1,1,1,1,1,0,0,0,0,1,0,0,0,0
975,0,0,0,0,1,0,0,1,0,1,1,0,1,1
976,1,1,1,0,1,1,0,0,0,1,0,1,1,1
977,1,1,1,1,0,0,0,1,0,0,0,0,0,0
978,0,0,0,1,0,1,0,0,0,1,1,1,0,1
979,0,0,0,1,1,0,1,0,0,0,1,1,1,1
980,0,0,0,1,1,0,0,1,1,0,1,1,1,0
981,1,0,0,0,1,1,0,1,0,1,0,0,0,1
982,0,1,1,0,0,1,1,1,1,1,1,1,0,1
983,1,1,1,1,1,1,0,0,1,1,1,0,1,1
984,1,1,1,1,1,0,0,1,0,0,0,1,0,1
985,1,1,1,0,1,0,0,0,1,1,0,0,0,1
986,1,1,1,1,1,1,1,1,1,0,0,1,1,1
987,0,0,0,1,0,0,1,0,1,0,1,1,0,1
988,1,0,0,0,1,0,0,0,1,1,0,0,1,1
989,1,1,1,0,0,1,1,0,1,1,0,0,0,1
990,1,0,0,1,1,0,0,0,0,0,0,0,0,1
991,0,1,1,1,1,0,0,1,0,0,1,0,0,1
992,0,0,0,1,1,1,1,0,1,1,0,1,0,1
993,1,0,0,0,1,0,1,1,0,1,1,0,0,1
994,0,1,1,0,0,0,1,0,0,1,0,0,1,0
995,1,1,1,0,1,0,0,1,1,0,1,1,0,1
996,1,0,0,1,1,1,0,1,0,0,1,0,0,1
997,1,1,1,0,0,0,1,1,0,0,1,1,1,1
998,1,0,0,0,0,1,0,1,0,1,0,1,1,0
999,0,1,1,0,0,1,0,0,1,1,0,0,0,1
