customer,1,90,3,101,81,74,5,50,83,183,45,76,98,64
1,1,0,0,1,1,1,0,1,1,0,1,1,1,1
2,0,0,0,1,1,1,1,1,0,0,0,0,1,0
3,1,0,0,0,1,0,1,1,0,1,0,0,0,0
4,0,0,0,1,1,0,0,0,1,0,0,1,1,0
5,1,0,0,1,0,0,1,1,0,0,0,1,1,1
6,1,1,1,0,0,0,1,1,0,0,1,1,1,0
7,0,0,0,0,0,1,0,1,1,1,1,1,0,0
8,1,1,1,0,0,1,0,0,1,1,1,0,1,0
9,1,1,1,0,0,1,1,0,0,0,1,0,0,1
10,0,0,0,0,0,0,0,1,0,1,1,0,0,0
11,1,0,0,1,1,0,1,1,1,1,0,0,1,0
12,0,1,1,0,1,0,1,1,1,0,0,0,1,0
13,1,1,1,1,1,0,0,1,0,1,0,1,0,0
14,1,0,0,1,0,1,1,0,1,1,1,1,1,0
15,0,1,1,1,1,0,0,1,1,1,0,0,0,0
16,1,1,1,0,0,1,0,0,0,0,0,0,1,0
17,0,1,1,1,0,1,0,0,0,0,1,1,0,0
18,1,0,0,0,1,0,0,1,1,0,1,1,1,0
19,1,0,0,1,1,1,1,1,0,0,1,1,1,0
20,1,1,1,1,1,1,0,0,1,0,0,1,0,1
21,1,1,1,1,0,1,1,0,1,1,1,0,1,0
22,1,0,0,0,1,0,1,0,1,0,0,1,1,0
23,0,0,0,1,0,0,0,1,1,1,0,0,1,0
24,1,0,0,0,1,1,1,0,0,1,0,0,0,0
25,0,1,1,0,1,0,0,1,0,1,1,0,1,1
26,0,1,1,1,0,1,0,1,1,1,0,0,1,0
27,0,1,1,0,1,1,1,1,0,1,0,0,1,0
28,0,1,1,0,1,0,0,0,0,1,1,1,1,1
29,1,1,1,0,0,1,1,0,1,1,1,0,0,0
30,1,0,0,0,0,0,1,0,1,0,0,1,1,0
31,0,1,1,0,1,1,1,1,0,0,1,1,1,0
32,1,1,1,0,1,0,0,1,0,1,0,1,0,0
33,1,0,0,0,0,0,0,0,0,1,0,0,0,1
34,1,1,1,0,1,1,1,0,0,1,1,0,0,1
35,0,1,1,1,1,0,0,0,0,0,1,1,0,0
36,1,1,1,0,1,1,1,1,1,1,1,0,0,1
37,0,0,0,0,0,1,0,0,1,0,1,0,0,1
38,1,0,0,0,0,1,1,0,1,1,0,0,1,1
39,1,0,0,0,1,0,0,0,1,1,1,0,1,1
40,0,1,1,1,1,0,0,0,1,0,0,1,1,0
41,1,0,0,1,0,0,0,0,1,1,1,0,0,0
42,0,0,0,0,1,0,1,0,0,1,1,1,1,0
43,0,0,0,0,0,0,0,0,0,1,1,1,0,1
44,0,0,0,1,1,0,0,0,0,0,0,0,0,0
45,1,1,1,0,1,1,1,1,0,0,0,1,0,0
46,0,1,1,1,0,0,1,1,0,0,1,0,0,1
47,0,1,1,0,1,1,1,1,1,1,0,0,0,0
48,1,0,0,0,1,0,0,1,0,0,1,0,1,0
49,0,1,1,1,0,1,0,1,1,1,1,1,0,1
50,1,0,0,0,0,0,1,1,1,1,1,0,1,1
51,0,1,1,1,0,1,1,1,1,1,1,0,0,1
52,0,1,1,0,1,0,0,0,1,1,0,0,0,1
53,1,0,0,0,1,1,1,0,1,0,0,0,0,1
54,0,1,1,0,0,1,1,1,1,0,1,1,0,1
55,0,0,0,1,1,0,1,1,1,1,0,0,1,1
56,1,0,0,0,1,1,1,0,1,1,1,0,1,1
57,0,0,0,0,1,0,1,1,1,0,1,1,1,0
58,1,0,0,0,1,1,0,0,0,0,1,1,1,0
59,1,0,0,1,1,0,0,1,0,0,1,0,1,0
60,0,1,1,0,1,1,0,0,0,0,1,0,1,1
61,0,1,1,1,0,0,1,0,1,1,1,0,0,0
62,1,1,1,1,0,0,0,1,1,1,1,1,1,0
63,0,0,0,0,1,1,1,0,1,1,1,1,0,1
64,1,1,1,0,1,1,0,1,1,0,0,1,1,0
65,0,0,0,1,0,1,0,0,1,1,0,1,1,1
66,0,0,0,0,0,0,1,0,0,1,0,1,0,0
67,0,0,0,1,1,1,1,0,0,0,1,0,1,1
68,1,0,0,0,0,1,0,1,0,1,0,0,0,1
69,0,1,1,1,0,0,1,1,0,1,0,0,0,1
70,1,0,0,0,0,1,0,1,1,1,0,0,0,1
71,0,0,0,1,1,0,1,1,1,1,1,0,1,0
72,0,0,0,1,0,0,0,1,0,1,1,1,0,0
73,0,1,1,0,1,0,0,0,1,1,0,0,1,0
74,1,0,0,0,1,1,0,0,1,1,1,1,0,0
75,1,1,1,0,1,1,0,0,1,1,1,0,1,1
76,1,0,0,1,0,1,0,1,0,1,0,1,0,0
77,1,1,1,0,1,0,1,0,1,0,0,1,1,0
78,0,0,0,1,0,0,1,1,1,0,0,0,1,1
79,0,1,1,1,1,1,1,1,0,0,0,0,0,0
80,0,0,0,1,0,0,1,0,0,1,0,0,1,0
81,0,0,0,1,0,1,1,0,0,0,0,1,0,1
82,0,0,0,0,0,1,1,1,1,0,1,1,1,1
83,1,1,1,0,1,1,0,0,0,0,1,0,1,1
84,0,1,1,1,1,0,0,1,0,0,1,0,0,1
85,0,0,0,0,1,0,0,1,0,0,1,1,0,1
86,1,1,1,0,0,0,0,1,0,0,1,1,1,0
87,0,1,1,0,1,0,1,1,1,1,0,1,0,1
88,0,0,0,0,0,1,1,0,1,1,0,1,0,1
89,0,0,0,0,1,1,1,1,1,0,0,0,1,1
90,1,1,1,0,0,0,1,0,1,1,1,0,0,0
91,0,1,1,0,0,0,0,0,1,0,1,0,0,0
92,1,1,1,1,1,0,0,0,0,0,1,0,0,1
93,0,1,1,0,0,1,1,1,1,0,1,0,1,1
94,1,0,0,1,1,0,0,0,1,0,1,0,1,1
95,0,1,1,0,0,0,1,0,1,0,1,0,1,1
96,1,0,0,1,0,0,1,1,0,1,1,0,1,1
97,1,0,0,1,1,1,1,1,1,1,1,0,0,0
98,1,1,1,0,1,1,0,1,0,1,0,0,0,0
99,1,1,1,0,0,0,1,1,1,0,0,1,1,0
100,0,0,0,1,1,0,1,0,1,1,0,0,0,1
101,0,1,1,1,0,0,1,1,1,0,1,1,0,0
102,1,1,1,1,0,0,0,1,1,1,1,0,1,1
103,1,0,0,1,1,1,1,0,0,0,1,1,0,0
104,0,1,1,0,0,1,1,1,1,1,0,1,1,0
105,0,0,0,0,1,1,0,1,1,1,1,0,1,1
106,1,1,1,1,1,1,0,1,0,1,1,1,1,0
107,0,1,1,0,1,1,0,1,1,0,0,0,0,0
108,1,0,0,0,1,0,1,0,1,0,0,0,1,1
109,0,0,0,1,1,1,1,1,1,1,0,0,0,1
110,1,0,0,1,1,0,1,1,0,0,0,0,0,0
111,1,1,1,0,1,1,1,0,1,1,0,0,0,0
112,0,1,1,0,0,1,1,0,1,1,0,1,1,1
113,1,1,1,0,0,0,1,0,0,0,0,0,0,1
114,0,1,1,0,1,0,1,0,0,1,0,0,0,0
115,0,1,1,0,0,1,0,0,0,1,0,0,1,1
116,0,1,1,0,1,0,1,0,1,1,1,0,1,1
117,1,1,1,0,0,0,0,0,1,1,1,0,1,1
118,0,0,0,0,0,0,0,1,0,1,0,1,1,1
119,0,0,0,0,0,1,1,0,1,0,1,1,0,0
120,0,0,0,1,0,0,1,0,0,0,0,0,1,1
121,0,0,0,0,1,0,1,0,1,1,1,0,0,0
122,1,1,1,1,1,0,1,1,1,1,0,1,1,0
123,1,1,1,0,0,1,0,0,0,0,1,0,0,0
124,1,0,0,1,1,0,1,0,1,1,1,0,1,0
125,0,0,0,0,1,0,0,1,0,1,1,0,1,1
126,1,1,1,1,1,1,1,0,0,1,1,0,1,0
127,1,0,0,1,0,1,1,1,0,1,1,0,0,0
128,1,0,0,1,0,0,0,1,0,1,1,1,0,1
129,0,0,0,0,0,0,1,1,0,0,0,1,0,1
130,0,1,1,1,0,1,0,1,0,0,0,1,0,1
131,0,0,0,0,1,1,1,1,1,1,0,1,0,0
132,0,1,1,1,0,0,0,1,1,0,0,0,1,1
133,1,1,1,1,0,0,1,1,0,0,0,0,0,0
134,1,1,1,0,1,0,1,0,1,0,0,0,0,1
135,0,0,0,1,0,0,1,0,1,0,1,1,1,1
136,1,1,1,0,0,0,1,1,1,0,1,0,1,1
137,1,0,0,1,0,1,0,0,1,0,0,0,0,1
138,0,0,0,0,1,1,0,1,0,0,0,1,0,0
139,0,0,0,0,1,1,1,0,1,0,0,0,0,1
140,0,0,0,0,0,1,1,1,0,1,0,1,0,1
141,1,0,0,1,1,1,1,0,1,0,1,0,1,1
142,1,1,1,1,0,0,1,0,0,1,1,1,1,0
143,0,1,1,0,0,0,0,1,1,0,1,1,0,0
144,0,1,1,1,0,1,1,1,0,0,1,0,1,0
145,0,0,0,1,0,0,0,0,1,1,0,0,1,1
146,0,0,0,0,0,1,1,1,0,1,0,0,1,0
147,1,1,1,0,0,0,0,1,0,1,1,0,0,1
148,0,0,0,0,0,0,0,0,0,1,1,1,0,1
149,0,0,0,0,1,1,0,0,0,1,1,0,1,1
150,1,1,1,1,0,1,1,1,0,1,0,1,0,1
151,1,0,0,1,1,1,1,0,0,1,1,1,1,0
152,0,0,0,0,0,1,0,0,0,0,1,0,1,0
153,0,0,0,0,1,1,1,0,1,1,0,0,0,1
154,1,0,0,0,1,0,1,1,0,1,0,1,0,1
155,0,1,1,0,1,1,0,1,0,1,0,1,1,0
156,0,1,1,1,0,0,1,1,0,0,1,1,0,0
157,1,0,0,1,0,1,1,1,1,0,0,1,0,0
158,0,0,0,1,0,1,0,0,1,0,0,0,1,0
159,1,1,1,1,1,1,0,1,1,1,1,1,1,1
160,0,1,1,0,1,0,1,0,1,1,0,1,0,0
161,1,1,1,0,1,1,1,1,0,0,0,0,0,1
162,1,0,0,0,1,1,1,1,1,0,1,0,1,1
163,1,0,0,1,0,1,1,1,0,0,0,0,1,0
164,1,0,0,0,1,1,0,1,1,0,0,0,0,0
165,0,0,0,1,1,1,1,1,0,0,1,1,1,0
166,1,1,1,0,1,0,1,1,0,0,1,1,1,0
167,1,1,1,1,0,1,1,1,1,0,1,0,1,0
168,0,0,0,0,1,0,0,0,0,0,1,0,0,0
169,0,1,1,0,0,1,0,1,0,0,0,0,1,0
170,1,1,1,0,1,1,0,1,1,1,1,1,0,1
171,1,0,0,0,0,1,1,1,0,0,0,1,0,1
172,1,1,1,1,1,1,0,0,1,0,1,0,1,0
173,0,0,0,1,1,0,0,0,1,1,0,0,1,1
174,0,0,0,0,0,0,1,0,1,0,1,0,0,1
175,1,0,0,0,1,1,1,0,1,1,0,1,0,0
176,0,0,0,0,0,1,0,1,0,0,0,0,0,1
177,0,1,1,1,1,1,0,0,1,1,0,0,0,1
178,1,0,0,1,0,0,1,1,1,0,1,0,0,0
179,1,0,0,0,1,1,1,1,0,0,1,0,1,0
180,0,1,1,1,0,0,1,1,1,1,1,1,0,1
181,0,1,1,1,1,1,0,0,1,1,1,1,1,1
182,1,1,1,0,1,0,0,0,0,1,1,0,1,1
183,1,0,0,0,0,0,0,1,1,1,1,0,1,1
184,1,1,1,1,0,1,0,0,1,0,1,0,1,0
185,0,0,0,0,1,0,1,0,1,0,0,0,0,0
186,0,0,0,0,1,0,1,0,0,0,0,1,1,1
187,0,1,1,1,1,1,1,0,1,1,1,0,0,0
188,1,0,0,1,0,0,1,1,1,1,1,0,0,0
189,1,0,0,0,1,0,1,0,0,1,0,1,1,1
190,0,0,0,0,1,1,0,0,1,0,0,1,1,1
191,0,0,0,0,0,0,1,1,0,0,1,0,1,1
192,1,0,0,1,1,0,0,1,0,0,0,0,1,1
193,1,0,0,1,1,0,0,0,0,1,1,1,0,1
194,0,1,1,0,1,1,1,0,1,1,1,1,0,1
195,0,1,1,1,0,1,1,1,0,0,1,0,1,1
196,1,0,0,1,1,0,1,1,0,0,1,0,0,0
197,1,0,0,1,0,0,1,0,0,1,1,1,0,0
198,1,0,0,1,1,1,1,1,1,0,1,1,0,0
199,1,0,0,1,1,1,1,1,0,1,0,1,0,1
200,0,1,1,1,0,1,0,0,0,1,0,0,1,1
201,1,0,0,0,0,0,0,1,1,1,0,1,0,1
202,0,1,1,0,0,1,1,1,1,0,1,0,0,1
203,1,1,1,1,1,0,0,0,1,1,1,0,1,0
204,0,1,1,0,0,0,1,1,0,1,1,0,0,0
205,0,1,1,1,0,0,1,0,0,1,1,1,0,0
206,1,1,1,0,1,1,1,0,0,0,1,1,1,0
207,1,0,0,0,0,0,0,1,1,1,1,0,0,0
208,1,1,1,0,1,1,0,1,1,0,1,1,1,0
209,1,1,1,0,1,1,0,1,0,0,1,0,0,0
210,0,0,0,0,1,1,1,0,0,1,1,0,0,1
211,1,0,0,1,1,0,0,0,0,1,0,0,1,1
212,1,1,1,1,1,1,1,1,1,1,1,1,0,1
213,1,0,0,1,0,0,0,1,0,1,0,0,0,0
214,0,0,0,1,0,0,0,0,1,1,1,1,1,0
215,0,1,1,0,1,1,1,1,0,1,1,1,0,0
216,0,1,1,0,0,1,0,0,1,0,1,0,0,0
217,1,1,1,0,0,1,0,1,1,1,1,0,1,0
218,1,0,0,0,0,1,1,0,1,1,1,1,0,1
219,1,0,0,0,1,1,1,0,0,1,1,1,1,1
220,0,1,1,1,0,0,1,1,1,1,1,0,1,0
221,0,1,1,1,0,0,1,0,0,0,0,0,0,1
222,1,0,0,1,1,0,1,1,0,1,0,1,0,1
223,1,0,0,0,1,0,1,0,0,0,0,0,0,0
224,0,1,1,0,0,1,1,0,0,0,1,1,1,1
225,0,0,0,0,1,1,1,1,0,0,0,1,1,1
226,0,0,0,1,1,1,1,0,0,1,0,1,1,1
227,1,1,1,0,0,0,1,0,1,0,1,1,0,1
228,0,0,0,1,1,1,0,1,1,0,1,1,1,1
229,0,1,1,1,1,1,1,0,0,0,1,1,0,1
230,0,1,1,1,1,0,1,0,1,0,1,1,1,1
231,0,1,1,1,1,1,1,0,1,0,1,0,1,1
232,1,0,0,1,0,1,0,0,1,0,0,1,0,1
233,1,0,0,1,0,0,1,0,0,1,0,1,1,0
234,1,0,0,0,1,0,0,1,1,1,0,0,0,1
235,1,0,0,0,1,0,1,1,1,0,1,1,1,0
236,0,1,1,1,1,1,1,1,1,1,0,0,0,0
237,1,1,1,1,0,0,1,1,0,1,0,0,1,0
238,1,1,1,1,0,0,1,0,1,1,0,1,1,1
239,0,0,0,0,0,0,0,0,0,1,1,1,0,1
240,0,1,1,1,1,0,0,1,0,0,1,1,1,0
241,0,0,0,1,1,1,1,0,0,0,1,0,1,0
242,1,0,0,1,1,0,1,0,1,1,0,0,1,0
243,1,0,0,1,0,0,1,1,0,1,1,0,1,1
244,1,0,0,0,1,1,1,0,0,0,1,0,0,1
245,0,1,1,0,1,1,1,1,1,1,0,0,1,0
246,0,1,1,1,0,1,1,1,0,1,1,0,0,0
247,1,1,1,1,1,1,1,0,1,1,0,0,1,0
248,0,0,0,1,0,1,1,1,0,0,0,1,1,1
249,1,0,0,1,1,1,1,0,0,0,0,1,1,1
250,0,0,0,1,0,0,1,0,1,0,1,0,1,0
251,0,1,1,1,1,1,0,0,0,0,1,0,1,0
252,0,0,0,1,1,1,0,0,0,0,1,1,1,0
253,0,0,0,1,0,1,1,1,1,0,1,0,0,1
254,0,1,1,0,0,0,1,1,0,1,1,0,1,1
255,0,1,1,0,0,0,1,0,1,1,0,0,1,1
256,1,0,0,0,0,1,1,1,0,1,0,1,1,1
257,0,0,0,0,1,1,1,1,0,0,0,0,1,0
258,1,1,1,1,0,1,0,1,0,0,0,0,1,0
259,1,1,1,0,1,0,0,0,0,0,1,0,0,1
260,1,0,0,1,1,0,1,0,1,1,0,1,1,0
261,1,1,1,1,0,1,1,0,0,0,1,0,1,0
262,1,1,1,0,1,1,0,0,1,0,1,1,1,0
263,0,0,0,1,1,0,1,0,1,1,0,0,1,0
264,1,0,0,1,0,0,0,0,0,1,0,0,1,1
265,1,0,0,1,0,1,1,0,1,1,1,0,0,0
266,1,1,1,1,1,0,1,0,1,1,1,1,1,0
267,0,1,1,1,0,1,1,0,0,0,1,0,1,1
268,0,0,0,0,1,1,0,1,1,0,1,1,1,1
269,1,1,1,0,0,1,0,1,0,1,1,1,1,0
270,1,0,0,1,1,0,1,1,0,0,1,0,1,0
271,0,0,0,1,1,1,1,1,1,1,1,0,1,0
272,1,1,1,1,0,1,1,1,1,1,1,0,1,0
273,0,1,1,0,1,1,1,0,1,0,1,1,1,0
274,1,1,1,0,1,0,0,1,1,0,1,0,0,1
275,0,0,0,1,0,1,0,1,0,1,0,1,1,1
276,0,0,0,1,0,1,1,0,0,1,1,1,0,1
277,1,1,1,1,1,1,1,0,0,0,0,1,1,1
278,1,0,0,0,0,0,1,1,1,1,1,0,0,1
279,0,0,0,0,1,0,0,1,1,1,1,1,0,1
280,0,0,0,1,0,0,1,1,1,0,0,1,0,0
281,1,1,1,1,0,0,1,1,0,1,0,1,1,0
282,1,0,0,1,0,0,0,1,0,0,1,0,1,1
283,0,0,0,1,1,1,0,0,0,1,0,0,0,0
284,0,1,1,0,0,0,0,0,0,1,0,1,0,1
285,0,0,0,1,0,0,0,0,0,0,0,1,1,0
286,1,0,0,1,1,0,1,1,1,1,0,1,1,0
287,0,0,0,0,0,0,1,0,0,1,1,1,1,0
288,1,0,0,0,0,1,1,1,0,0,1,1,1,1
289,1,1,1,0,0,1,0,1,0,0,0,0,0,0
290,1,1,1,0,0,1,1,1,0,0,0,1,0,0
291,0,0,0,1,0,0,0,0,1,1,1,1,1,0
292,0,0,0,1,0,0,0,1,1,0,0,1,1,1
293,0,0,0,0,0,0,1,1,1,1,0,1,0,1
294,0,1,1,1,1,0,1,0,1,1,0,0,1,1
295,1,0,0,1,0,0,0,1,0,0,0,0,1,0
296,1,1,1,1,0,0,1,0,1,1,1,1,1,1
297,0,1,1,1,0,1,0,1,1,0,0,1,0,1
298,0,0,0,1,1,1,0,0,0,1,1,0,1,0
299,1,0,0,0,0,1,1,0,0,0,1,0,1,1
300,1,0,0,1,0,1,1,1,1,0,0,0,0,1
301,0,0,0,1,0,1,0,1,0,1,0,0,0,1
302,0,0,0,1,0,0,0,1,0,1,0,1,0,1
303,1,0,0,1,0,1,0,1,1,0,0,1,1,1
304,1,1,1,1,0,0,1,1,1,1,0,1,0,1
305,0,0,0,1,1,1,1,1,0,1,0,1,0,0
306,1,1,1,1,0,1,0,0,1,0,0,0,1,0
307,1,0,0,1,1,0,0,0,0,1,0,0,0,1
308,0,0,0,1,1,0,1,1,0,1,1,1,0,0
309,0,1,1,0,0,0,0,0,1,0,0,0,1,1
310,0,0,0,1,1,1,0,1,1,1,1,0,0,1
311,1,1,1,1,1,1,1,0,1,0,1,0,0,1
312,1,0,0,1,0,0,1,0,0,1,0,1,1,0
313,0,0,0,0,0,0,1,1,1,1,0,1,0,1
314,1,0,0,0,1,1,1,0,1,1,1,1,1,0
315,0,1,1,1,1,1,0,0,1,0,1,0,1,0
316,0,0,0,1,0,0,1,0,0,0,1,0,1,1
317,1,1,1,0,0,0,0,1,0,1,1,0,1,1
318,1,1,1,0,1,1,0,0,1,0,0,0,0,0
319,1,0,0,0,0,1,1,1,0,1,1,0,1,1
320,0,1,1,1,0,0,0,0,1,0,0,1,1,1
321,1,1,1,0,1,0,0,0,1,0,0,1,0,0
322,1,1,1,1,0,1,0,0,0,0,1,1,1,1
323,0,1,1,1,1,1,0,0,1,0,0,1,1,0
324,1,0,0,0,1,1,1,1,1,0,0,0,0,0
325,1,1,1,1,1,0,1,0,1,0,1,0,1,1
326,0,0,0,1,1,1,0,0,0,0,1,1,0,1
327,1,0,0,0,0,1,0,1,1,0,1,0,1,0
328,0,1,1,1,1,1,0,0,0,0,0,0,1,0
329,0,1,1,1,1,1,0,0,0,1,1,1,0,1
330,1,1,1,0,1,1,0,0,1,0,0,0,0,1
331,1,0,0,1,0,1,0,1,0,1,0,1,1,0
332,0,0,0,0,1,0,1,1,0,0,0,0,1,0
333,0,0,0,0,0,1,1,1,1,1,1,0,1,1
334,1,0,0,1,1,0,1,1,0,0,0,1,0,0
335,1,1,1,1,1,0,0,1,1,1,1,0,1,0
336,0,0,0,0,1,0,0,1,0,0,1,1,1,0
337,1,1,1,0,1,0,0,0,0,0,1,0,1,0
338,1,0,0,1,1,0,0,0,0,1,0,1,0,0
339,1,1,1,1,0,1,0,0,0,1,1,1,1,1
340,0,0,0,1,1,0,1,1,0,1,0,0,0,1
341,1,0,0,0,0,0,1,1,0,0,0,1,0,1
342,0,1,1,1,0,1,0,0,1,1,0,1,0,1
343,1,1,1,0,0,1,0,1,0,1,0,0,0,0
344,1,0,0,0,1,1,1,0,0,1,1,0,0,1
345,0,1,1,0,0,1,1,1,1,0,0,0,1,0
346,0,0,0,1,0,1,0,0,0,0,0,1,1,1
347,1,0,0,1,1,1,1,1,1,1,1,1,1,1
348,1,0,0,1,1,1,0,0,0,0,1,0,0,0
349,1,1,1,1,1,0,1,1,0,1,1,0,1,0
350,1,0,0,0,1,0,1,1,0,1,0,1,0,0
351,1,0,0,0,0,0,1,1,1,0,1,1,0,0
352,0,0,0,0,1,0,0,0,0,1,1,0,0,0
353,0,1,1,0,1,0,0,1,0,0,0,0,1,1
354,1,0,0,0,0,1,0,0,0,1,1,0,0,1
355,1,1,1,1,1,1,1,1,1,0,1,1,1,1
356,1,0,0,1,0,0,0,0,0,0,1,1,0,0
357,1,1,1,0,1,1,0,0,0,0,0,0,1,0
358,1,0,0,0,1,0,1,1,1,0,1,1,0,1
359,1,0,0,1,0,1,1,0,1,1,1,0,1,1
360,0,0,0,0,0,0,0,1,1,0,1,0,0,1
361,0,0,0,1,0,1,1,0,0,1,1,0,0,1
362,1,1,1,0,1,0,0,0,1,0,0,1,1,1
363,1,1,1,0,0,0,1,1,1,0,1,0,0,0
364,1,1,1,1,0,0,0,1,1,1,0,1,1,1
365,1,0,0,1,1,1,1,0,1,0,0,0,0,1
366,1,1,1,0,0,1,0,0,0,1,0,1,0,1
367,0,1,1,1,0,0,1,0,1,1,0,1,0,0
368,0,0,0,1,1,1,0,1,1,0,1,0,0,1
369,0,1,1,1,1,0,1,1,1,0,0,0,0,1
370,0,1,1,0,1,1,1,0,0,1,1,1,0,0
371,1,0,0,1,0,0,1,1,0,1,1,0,1,1
372,1,0,0,1,0,1,1,0,0,1,1,0,0,0
373,0,1,1,0,0,1,1,0,0,0,1,1,1,0
374,0,1,1,1,0,0,0,1,0,1,0,0,0,1
375,0,1,1,0,1,1,1,0,1,0,0,0,1,1
376,0,0,0,1,1,1,0,0,1,1,1,1,1,1
377,0,1,1,0,1,0,1,1,0,1,1,1,0,0
378,0,0,0,1,1,1,0,1,0,0,0,0,1,0
379,0,0,0,0,1,0,1,0,0,1,0,1,1,0
380,0,0,0,1,1,1,1,0,1,0,1,0,0,1
381,1,1,1,0,1,0,1,0,0,0,1,0,1,1
382,0,1,1,1,1,1,0,0,1,0,1,1,0,1
383,0,0,0,1,1,0,1,0,1,1,0,1,1,1
384,1,0,0,0,1,1,0,1,1,0,0,0,0,0
385,0,0,0,0,1,0,0,1,0,0,1,0,0,0
386,1,1,1,0,1,0,0,0,1,1,1,0,1,1
387,0,1,1,0,0,1,0,0,0,1,0,0,0,0
388,1,0,0,1,0,1,1,0,1,1,1,1,0,0
389,0,0,0,0,1,1,1,1,0,1,0,1,0,0
390,0,0,0,0,1,0,1,0,0,1,0,0,0,1
391,1,1,1,1,0,0,0,0,0,1,1,1,1,1
392,0,1,1,1,1,1,1,1,0,0,0,0,0,0
393,0,0,0,0,0,0,1,0,0,1,0,0,0,0
394,0,1,1,1,1,1,1,0,1,1,0,0,0,1
395,1,1,1,0,0,1,1,1,1,1,1,1,0,0
396,1,0,0,1,0,1,1,0,0,0,1,1,1,0
397,0,0,0,1,1,0,1,1,1,1,1,1,1,0
398,0,0,0,0,0,0,1,1,1,1,1,1,0,1
399,0,1,1,0,1,1,1,1,0,0,1,0,0,1
400,0,0,0,1,1,0,1,1,0,1,1,1,1,0
401,0,1,1,0,0,0,0,0,1,0,1,0,0,1
402,0,1,1,1,0,0,0,1,1,0,0,1,1,0
403,0,1,1,1,0,0,0,0,1,0,1,0,0,1
404,1,0,0,1,0,1,0,0,0,0,0,0,0,0
405,0,0,0,1,0,0,0,1,1,0,0,0,0,0
406,0,0,0,1,0,1,1,1,1,0,1,0,0,1
407,0,1,1,1,1,1,1,0,1,1,0,1,1,0
408,0,0,0,1,1,1,1,0,1,1,0,1,1,1
409,1,1,1,1,0,0,1,1,0,1,0,1,1,0
410,0,1,1,1,1,1,1,1,0,0,0,1,0,1
411,0,0,0,1,1,1,1,1,1,1,0,1,1,1
412,1,0,0,1,0,0,0,0,1,0,1,1,0,0
413,0,0,0,1,1,1,0,1,0,0,0,0,1,0
414,1,1,1,1,0,0,1,1,0,0,0,1,0,1
415,1,1,1,1,1,1,1,0,0,1,0,0,1,0
416,0,1,1,0,1,1,1,0,1,0,1,1,1,1
417,1,0,0,0,0,0,1,0,1,0,1,1,1,0
418,1,1,1,0,1,0,1,0,0,1,1,0,0,0
419,1,1,1,0,0,1,0,1,1,1,1,0,0,0
420,0,0,0,0,0,1,1,0,0,1,0,1,1,1
421,1,0,0,0,1,1,1,0,0,0,0,0,0,1
422,0,1,1,0,1,1,0,0,1,1,1,0,0,0
423,1,0,0,1,0,1,0,1,1,0,1,0,0,1
424,1,0,0,1,0,0,0,1,0,0,0,1,1,0
425,1,1,1,0,1,0,0,1,0,0,0,1,1,0
426,0,1,1,0,0,1,0,0,0,0,1,0,0,1
427,0,0,0,0,0,0,1,0,0,1,0,1,1,1
428,1,1,1,0,0,0,0,0,0,1,1,0,0,1
429,0,1,1,1,0,1,1,0,0,1,0,1,0,0
430,1,1,1,0,0,0,1,1,0,1,0,1,1,1
431,1,1,1,0,1,0,1,1,0,1,0,1,1,0
432,1,1,1,1,1,0,1,0,1,1,0,1,0,0
433,1,0,0,0,0,0,1,0,0,1,1,1,1,1
434,1,0,0,0,0,1,1,1,0,0,1,0,0,0
435,0,0,0,1,1,0,0,1,1,0,1,0,0,0
436,0,1,1,0,1,0,0,0,0,1,1,0,1,0
437,0,0,0,1,0,1,1,0,0,1,1,1,0,0
438,1,1,1,1,1,0,1,1,1,1,0,0,1,0
439,0,0,0,0,0,1,1,0,1,0,1,0,0,0
440,1,0,0,0,1,1,1,1,1,1,1,0,0,0
441,0,0,0,0,1,0,0,1,1,1,1,0,1,1
442,0,1,1,0,1,1,0,1,0,0,0,0,0,0
443,0,0,0,1,1,0,0,1,0,0,0,0,1,0
444,1,1,1,0,1,0,1,0,0,0,1,0,1,0
445,0,0,0,0,0,1,1,0,1,0,1,0,0,1
446,0,1,1,1,1,0,1,1,1,0,1,1,0,1
447,1,0,0,1,1,1,0,0,0,0,0,0,1,0
448,0,0,0,0,1,0,0,1,1,0,0,1,0,1
449,0,0,0,0,1,1,0,0,1,0,1,1,0,1
450,1,0,0,1,0,1,0,0,0,0,1,0,1,1
451,0,0,0,1,1,1,0,1,0,1,1,0,1,0
452,1,0,0,1,1,1,0,0,0,0,1,0,0,1
453,0,1,1,1,1,0,1,0,0,0,0,1,0,0
454,0,0,0,1,0,0,1,1,1,0,0,0,1,0
455,1,0,0,1,0,0,1,0,1,1,1,0,0,0
456,1,0,0,0,1,1,1,1,0,0,0,0,0,0
457,1,1,1,0,0,1,1,0,0,0,1,1,1,0
458,1,1,1,1,0,1,0,0,1,0,0,0,1,0
459,1,0,0,1,0,0,1,1,1,0,1,0,1,0
460,0,0,0,1,0,1,1,1,1,1,0,0,0,0
461,0,0,0,1,0,0,1,0,0,1,1,1,1,1
462,1,0,0,1,1,1,1,0,1,1,1,1,0,0
463,1,0,0,0,0,0,0,1,0,1,1,0,0,1
464,0,0,0,1,0,1,0,0,1,0,0,1,1,1
465,1,0,0,1,1,1,1,0,0,0,1,1,1,0
466,0,1,1,0,1,1,0,0,0,1,0,0,1,0
467,0,0,0,0,1,1,1,1,0,0,1,0,1,1
468,0,1,1,0,1,1,0,1,0,0,1,0,1,0
469,1,0,0,1,1,1,1,1,1,0,0,1,0,0
470,0,1,1,0,0,0,0,1,0,0,0,1,1,1
471,0,1,1,1,1,0,1,0,0,0,1,0,1,0
472,1,0,0,0,1,0,1,0,0,0,1,1,1,1
473,0,0,0,1,1,1,0,1,0,1,1,0,1,1
474,0,0,0,1,1,0,1,0,0,0,1,0,0,0
475,0,0,0,1,0,0,0,1,0,1,1,1,0,1
476,1,0,0,0,1,0,1,0,0,0,0,1,1,1
477,1,0,0,0,1,0,0,1,0,1,1,0,1,0
478,0,1,1,1,1,1,1,0,0,1,1,1,1,0
479,0,1,1,0,0,1,1,1,1,1,0,0,0,1
480,0,1,1,0,0,1,1,1,0,1,0,1,1,0
481,1,1,1,0,1,1,0,1,0,1,1,1,0,0
482,0,0,0,1,1,0,0,1,1,1,1,0,0,0
483,0,0,0,1,1,1,0,1,0,0,1,1,0,0
484,0,1,1,0,0,0,0,1,1,1,1,0,0,0
485,0,0,0,1,1,1,1,0,1,0,1,1,1,0
486,1,0,0,1,1,1,1,1,1,0,0,0,1,0
487,0,1,1,1,0,0,0,0,1,0,0,0,1,0
488,1,1,1,0,1,1,0,0,1,0,0,1,1,1
489,1,0,0,0,1,1,1,1,0,0,1,1,1,1
490,1,1,1,0,0,0,1,0,0,1,0,0,1,0
491,0,1,1,0,0,0,0,0,0,0,0,0,1,0
492,0,0,0,0,1,0,0,1,0,1,1,0,0,1
493,1,0,0,1,1,0,1,0,1,1,0,0,1,1
494,1,0,0,0,0,0,0,0,0,0,1,1,0,1
495,0,1,1,0,0,1,1,0,1,0,1,1,1,1
496,1,0,0,0,0,1,0,1,1,0,1,1,1,0
497,0,0,0,0,1,1,1,1,0,1,0,1,0,1
498,0,0,0,0,1,1,1,0,0,0,0,0,1,1
499,0,1,1,1,1,1,1,1,1,1,0,1,1,0
500,0,0,0,0,1,0,1,0,0,1,0,0,0,1
501,1,0,0,1,0,0,0,1,0,1,1,1,0,0
502,1,0,0,0,0,1,0,0,0,1,1,0,0,1
503,0,1,1,0,1,0,1,1,1,1,0,1,0,1
504,1,0,0,1,1,1,1,0,0,1,0,0,0,0
505,1,0,0,0,0,0,1,0,1,1,0,1,0,1
506,0,1,1,1,1,1,0,1,1,0,0,1,1,1
507,0,1,1,1,0,0,0,1,0,1,0,0,0,1
508,1,1,1,0,0,1,0,1,0,1,1,0,1,0
509,1,0,0,1,1,1,1,1,1,0,0,0,0,1
510,0,1,1,0,0,1,1,0,1,1,0,1,1,1
511,0,1,1,0,1,1,0,0,0,1,0,1,0,0
512,1,1,1,0,0,0,1,1,0,1,0,1,1,0
513,0,1,1,0,1,1,1,1,1,0,1,1,1,0
514,1,1,1,1,1,1,1,0,0,1,1,1,0,1
515,0,1,1,1,1,0,1,1,0,0,1,1,0,0
516,0,1,1,0,0,1,1,0,1,1,0,1,1,1
517,1,1,1,0,0,0,0,1,0,0,1,0,1,0
518,1,1,1,1,0,0,0,0,0,0,0,1,1,1
519,0,1,1,1,0,0,0,0,0,1,1,0,0,1
520,0,0,0,0,1,0,0,1,0,1,0,1,0,1
521,1,0,0,0,1,0,0,1,1,1,0,0,0,0
522,0,1,1,1,0,0,1,1,1,0,0,1,1,0
523,1,0,0,1,0,0,1,1,1,0,0,0,1,0
524,1,0,0,1,0,0,1,1,1,0,0,0,1,0
525,0,1,1,0,0,1,0,1,0,0,0,1,1,0
526,1,0,0,0,0,1,0,1,1,1,0,0,1,1
527,1,0,0,0,0,0,1,0,1,1,1,0,1,0
528,0,1,1,1,1,0,0,0,1,0,1,0,1,0
529,1,1,1,0,1,0,0,1,1,0,1,0,1,0
530,1,1,1,1,1,1,1,1,0,0,0,0,1,1
531,1,1,1,1,1,0,1,0,0,0,0,0,0,1
532,0,0,0,0,0,0,0,0,0,0,0,1,1,1
533,0,0,0,0,1,1,1,1,0,0,0,0,1,1
534,1,1,1,0,0,1,0,0,0,1,1,0,1,1
535,0,1,1,1,1,1,0,1,0,0,1,1,1,0
536,1,1,1,0,0,1,0,1,1,0,0,0,0,0
537,0,0,0,0,0,1,0,1,0,1,1,1,0,0
538,0,1,1,0,1,1,0,0,0,1,1,1,1,0
539,0,0,0,1,1,0,0,1,0,0,1,0,0,0
540,0,0,0,0,0,1,1,0,1,0,1,0,0,1
541,0,1,1,0,1,0,1,0,0,1,0,0,1,1
542,1,0,0,1,0,1,1,0,1,0,1,0,1,0
543,0,0,0,0,1,1,1,0,1,1,0,1,1,1
544,1,1,1,1,0,0,0,0,1,1,0,0,0,1
545,1,1,1,0,1,0,1,1,1,1,1,0,0,1
546,0,1,1,1,0,1,1,0,1,0,0,0,0,0
547,1,1,1,1,1,0,1,0,0,1,0,0,1,0
548,0,1,1,0,1,1,0,0,1,0,1,0,0,1
549,0,1,1,0,1,0,1,1,1,1,0,0,0,0
550,0,0,0,0,0,1,1,0,0,1,1,0,1,1
551,1,0,0,1,0,1,1,0,0,1,0,0,0,1
552,0,0,0,0,0,0,1,1,1,1,1,1,1,1
553,0,1,1,1,0,1,0,1,0,0,1,1,0,0
554,1,1,1,1,1,1,0,0,0,1,1,0,0,1
555,1,1,1,1,1,0,0,0,1,0,1,0,0,1
556,1,0,0,0,1,0,1,1,0,1,1,1,0,1
557,1,0,0,1,0,0,0,0,0,1,1,0,0,0
558,0,0,0,0,1,0,0,1,0,1,1,0,1,1
559,1,0,0,1,0,0,1,0,1,1,1,0,1,1
560,1,0,0,0,1,0,1,0,0,1,1,1,0,1
561,0,0,0,0,0,1,0,1,1,1,0,1,1,1
562,0,1,1,1,1,0,1,1,0,0,1,0,1,1
563,1,0,0,1,1,1,0,0,1,1,1,1,1,0
564,0,1,1,0,1,1,1,1,0,0,1,1,1,0
565,0,0,0,1,0,0,0,1,0,1,1,0,0,0
566,1,0,0,1,1,1,0,1,1,0,1,1,0,0
567,1,0,0,0,1,0,1,0,0,0,1,0,1,0
568,1,0,0,1,0,0,1,1,1,0,1,0,1,0
569,0,0,0,0,1,0,0,1,0,0,0,0,1,1
570,1,1,1,0,0,0,0,0,1,1,0,1,0,0
571,1,1,1,1,0,0,1,0,0,1,0,1,1,1
572,1,1,1,0,1,0,0,1,1,1,1,0,0,1
573,0,1,1,0,0,1,1,0,0,0,1,1,0,0
574,0,0,0,0,1,1,0,0,1,1,0,0,0,1
575,1,1,1,1,1,0,0,1,0,1,1,1,0,0
576,0,1,1,0,0,1,0,1,1,1,0,1,1,0
577,0,0,0,0,1,1,0,0,0,0,0,1,1,0
578,0,0,0,1,1,0,1,1,1,0,1,0,1,1
579,1,0,0,1,1,0,0,0,1,1,1,1,1,1
580,0,0,0,0,0,0,1,0,1,0,0,1,0,1
581,0,1,1,0,1,0,1,1,0,0,1,1,1,1
582,1,1,1,1,1,1,1,0,1,0,0,0,0,0
583,1,0,0,1,1,1,0,1,0,1,0,1,0,1
584,1,1,1,0,0,0,0,1,0,1,1,0,0,0
585,0,0,0,1,1,0,1,0,1,1,0,0,0,0
586,1,1,1,1,1,0,0,0,0,0,0,1,0,0
587,1,1,1,1,1,0,0,1,0,0,0,0,1,1
588,0,1,1,0,1,0,0,0,1,0,1,1,1,0
589,0,1,1,1,1,1,1,0,0,0,1,1,0,0
590,0,1,1,1,0,0,1,1,0,0,0,0,0,0
591,0,0,0,0,0,1,0,0,0,0,0,1,1,0
592,0,1,1,0,1,1,0,1,1,0,1,1,1,0
593,0,0,0,1,1,0,1,0,0,0,0,1,0,1
594,1,1,1,0,0,0,0,1,0,0,0,0,1,0
595,1,0,0,0,1,1,1,1,0,0,1,1,0,1
596,0,1,1,1,1,0,1,0,1,1,0,1,0,0
597,0,0,0,0,0,0,1,1,1,1,1,0,0,0
598,1,0,0,0,1,1,0,1,1,1,0,0,0,1
599,0,0,0,1,0,1,1,1,0,0,0,0,1,0
600,0,0,0,0,0,0,0,0,0,1,0,1,1,1
601,1,1,1,0,1,1,0,0,1,1,1,0,0,1
602,1,1,1,1,0,0,1,1,1,1,1,0,1,1
603,1,1,1,1,0,1,0,0,0,1,1,0,1,0
604,0,0,0,0,0,0,0,0,1,0,0,0,0,1
605,1,1,1,0,1,1,0,1,0,1,1,0,0,1
606,0,1,1,0,1,0,0,0,0,1,1,0,0,1
607,0,1,1,1,1,0,1,1,1,1,0,0,1,1
608,0,1,1,1,0,1,1,1,0,0,0,1,1,0
609,0,1,1,1,0,0,0,0,0,1,1,1,0,0
610,1,1,1,0,1,1,1,0,0,0,1,0,0,0
611,0,1,1,0,0,0,1,0,1,1,1,1,0,0
612,1,1,1,0,1,1,1,0,1,1,1,0,1,1
613,1,0,0,1,1,1,1,0,1,1,1,1,1,0
614,0,1,1,1,1,0,1,1,0,1,0,0,1,1
615,1,1,1,0,0,0,0,1,1,0,0,0,1,1
616,0,0,0,0,1,0,0,1,1,0,1,1,1,0
617,1,0,0,1,1,0,1,0,0,1,0,0,1,1
618,1,1,1,0,1,1,1,1,0,0,1,1,0,1
619,1,1,1,1,1,1,1,0,1,1,0,0,1,0
620,0,0,0,1,0,0,0,0,1,1,0,1,1,0
621,1,1,1,1,0,1,0,1,0,0,0,0,0,1
622,1,0,0,0,1,1,0,1,0,0,0,1,1,0
623,0,0,0,1,0,1,0,0,1,1,0,1,0,0
624,1,1,1,1,1,0,1,0,0,1,1,1,0,1
625,1,1,1,0,0,0,1,0,1,0,0,0,1,1
626,0,1,1,1,1,1,1,1,0,1,0,1,0,0
627,1,1,1,1,0,1,0,1,1,0,0,1,0,0
628,1,1,1,0,0,0,1,1,1,0,0,0,0,0
629,0,1,1,0,0,0,1,1,1,0,0,0,1,0
630,1,1,1,0,1,0,0,1,1,0,0,0,1,1
631,1,1,1,0,1,1,1,0,0,0,0,0,0,0
632,1,0,0,1,1,0,0,0,1,1,1,1,1,0
633,0,1,1,0,1,1,0,1,0,0,0,0,1,1
634,1,1,1,1,1,0,1,0,0,1,1,1,0,1
635,1,1,1,1,1,0,0,1,0,1,1,1,1,1
636,1,0,0,0,1,1,0,1,0,0,1,0,1,1
637,1,0,0,0,1,1,0,0,1,1,1,0,1,1
638,1,0,0,0,1,0,0,1,0,0,0,0,1,0
639,0,0,0,1,1,1,1,0,0,0,1,1,0,0
640,1,1,1,1,0,1,0,0,0,0,1,1,1,0
641,0,1,1,0,1,0,1,1,0,1,0,1,0,0
642,0,1,1,1,0,1,0,1,0,0,0,0,1,1
643,1,0,0,0,0,1,1,1,1,0,0,1,1,1
644,1,0,0,0,1,1,0,0,0,0,1,0,0,0
645,0,0,0,0,0,1,1,0,0,0,1,0,1,1
646,0,1,1,1,1,0,0,1,1,1,1,1,1,1
647,1,0,0,1,1,0,1,0,1,0,0,0,0,0
648,0,0,0,0,1,1,1,1,0,0,1,1,0,0
649,1,1,1,1,0,1,1,1,0,1,1,0,1,1
650,0,0,0,1,0,1,1,0,1,1,0,0,1,0
651,1,0,0,0,1,0,1,1,0,0,1,1,1,1
652,0,1,1,1,0,1,0,1,0,0,1,0,0,0
653,1,1,1,1,0,1,0,1,1,0,1,1,1,1
654,0,1,1,1,1,0,1,0,1,1,1,0,0,0
655,0,0,0,0,1,0,1,0,1,1,0,1,0,1
656,1,0,0,0,0,1,0,0,1,1,0,1,0,0
657,1,1,1,1,1,1,1,0,0,1,0,1,1,1
658,1,1,1,0,0,1,1,1,1,0,1,0,1,1
659,0,0,0,1,0,1,1,1,1,1,1,1,1,1
660,0,0,0,1,1,0,0,0,0,0,1,1,0,0
661,1,0,0,1,0,1,1,1,0,0,1,0,0,0
662,1,0,0,1,1,0,0,0,1,1,1,1,0,1
663,0,1,1,0,0,0,0,0,1,1,0,1,0,1
664,0,0,0,0,1,1,0,1,0,0,1,1,0,0
665,0,0,0,1,1,1,0,1,0,1,0,0,1,1
666,1,1,1,1,1,1,0,1,1,1,0,1,0,1
667,1,1,1,0,0,0,0,1,0,0,0,1,0,0
668,1,0,0,1,1,0,0,0,0,0,0,0,0,0
669,1,0,0,1,0,1,0,1,1,1,1,1,0,0
670,1,1,1,1,1,0,1,1,1,0,1,1,1,0
671,1,1,1,0,0,0,0,0,0,0,0,0,1,0
672,1,1,1,0,0,0,1,1,0,0,0,0,0,0
673,0,1,1,1,0,0,1,0,0,0,1,0,0,1
674,1,1,1,1,0,1,0,0,0,0,1,0,1,1
675,1,1,1,1,0,1,1,1,1,0,0,1,0,0
676,1,0,0,0,0,0,0,0,0,0,0,0,0,1
677,1,1,1,1,0,0,0,0,0,0,0,0,1,1
678,1,0,0,0,0,0,0,1,0,1,0,1,1,1
679,0,1,1,1,0,0,1,1,0,1,1,0,0,0
680,1,0,0,1,1,1,0,1,1,0,0,1,0,0
681,1,0,0,0,0,0,1,1,0,0,1,0,0,0
682,0,1,1,1,1,0,0,0,0,0,0,0,1,1
683,1,1,1,0,0,0,0,0,1,0,1,1,0,0
684,0,0,0,1,0,0,1,0,0,1,1,0,0,1
685,0,1,1,0,1,1,1,1,1,1,0,0,1,0
686,1,0,0,0,1,1,0,1,0,0,0,0,1,0
687,1,0,0,0,1,1,0,1,0,0,1,0,1,0
688,1,1,1,0,0,0,0,0,1,0,0,1,1,1
689,0,0,0,1,1,0,0,1,0,0,0,0,0,0
690,1,0,0,0,0,0,0,0,1,0,0,1,1,0
691,0,0,0,0,0,0,0,1,0,1,1,1,1,1
692,0,1,1,0,1,0,1,0,1,0,0,0,1,0
693,1,1,1,0,1,0,1,1,1,1,0,1,0,1
694,1,1,1,1,0,0,1,1,1,0,1,1,0,0
695,1,1,1,0,0,1,0,1,0,1,0,1,0,1
696,1,0,0,0,1,0,0,1,1,1,0,1,1,1
697,1,0,0,1,0,0,0,1,1,0,1,1,1,0
698,1,1,1,0,0,0,0,0,0,0,1,0,1,0
699,1,0,0,0,0,1,0,0,0,0,0,0,0,0
700,1,1,1,1,1,1,1,1,1,1,1,0,0,1
701,0,0,0,1,1,0,0,0,1,0,0,0,0,0
702,0,1,1,1,1,0,0,0,1,0,0,1,1,0
703,1,0,0,0,0,1,1,1,0,0,1,0,1,1
704,1,0,0,1,0,1,0,0,1,0,1,0,1,1
705,1,1,1,0,1,0,0,0,1,1,0,1,0,1
706,0,0,0,1,0,1,1,1,1,1,1,0,0,0
707,0,1,1,1,1,1,0,0,1,0,0,1,1,1
708,1,1,1,0,0,1,1,1,0,0,1,1,0,0
709,0,0,0,0,0,0,1,1,1,1,1,0,1,0
710,0,0,0,1,1,0,1,1,1,0,1,1,1,0
711,0,1,1,1,1,0,0,0,0,0,1,0,0,1
712,1,0,0,0,0,0,1,1,1,1,1,0,1,0
713,1,0,0,0,0,0,0,1,0,0,1,0,0,0
714,0,0,0,0,1,0,0,0,0,0,0,0,1,0
715,1,0,0,0,1,0,1,0,1,1,0,0,0,1
716,1,1,1,1,1,0,1,1,1,1,0,0,1,1
717,0,0,0,1,1,1,0,1,1,1,1,0,1,1
718,0,0,0,1,1,0,0,0,0,1,1,0,0,0
719,1,0,0,1,0,1,0,0,0,0,0,0,0,1
720,1,1,1,0,0,0,1,1,1,0,0,1,0,0
721,0,1,1,0,0,1,1,1,1,1,1,0,1,0
722,0,1,1,1,0,1,1,1,1,1,0,1,0,0
723,1,0,0,1,0,1,1,0,0,0,1,1,0,0
724,1,0,0,0,1,1,0,0,1,0,1,0,1,0
725,1,0,0,0,0,0,1,1,1,0,0,0,1,0
726,1,1,1,0,0,1,1,1,0,0,0,0,0,0
727,1,0,0,0,0,1,1,0,1,0,0,1,1,0
728,0,0,0,1,0,0,0,1,1,0,0,1,0,0
729,1,1,1,1,0,0,1,1,0,0,0,0,1,0
730,1,0,0,1,0,0,1,0,0,1,1,0,0,0
731,1,0,0,1,1,1,1,1,1,1,1,0,0,0
732,1,1,1,0,1,0,0,0,0,1,1,1,1,0
733,1,1,1,1,0,0,0,0,0,0,1,1,0,1
734,0,0,0,0,0,1,1,1,0,1,0,0,1,1
735,1,1,1,1,0,1,0,0,0,1,0,1,1,0
736,0,1,1,0,1,1,0,1,1,1,0,0,0,1
737,0,0,0,0,1,1,0,0,1,0,0,1,0,0
738,1,0,0,1,0,1,1,1,0,1,0,0,1,1
739,1,1,1,0,1,0,1,1,0,0,1,0,1,1
740,1,0,0,0,1,1,1,0,0,0,1,1,0,1
741,0,1,1,0,0,0,1,1,0,1,1,0,0,0
742,1,0,0,1,0,1,0,0,0,0,1,1,0,0
743,1,0,0,0,1,1,0,1,1,1,1,1,0,1
744,0,0,0,0,1,1,1,0,1,1,0,1,0,0
745,1,0,0,0,1,1,1,1,0,1,1,1,1,0
746,1,0,0,0,1,1,0,1,0,1,0,0,1,1
747,0,1,1,1,0,1,0,0,0,0,1,1,1,1
748,0,0,0,1,0,0,1,0,0,1,0,1,0,0
749,1,0,0,1,0,1,1,1,0,0,0,1,1,0
750,0,1,1,1,1,1,0,1,1,0,1,1,0,0
751,1,0,0,1,0,1,1,0,0,0,1,1,1,1
752,0,1,1,1,1,0,0,0,0,0,0,1,1,0
753,1,0,0,0,0,1,1,0,0,1,0,1,0,1
754,0,1,1,0,1,0,0,1,1,0,0,0,1,0
755,0,1,1,1,0,1,0,1,0,1,1,1,1,1
756,0,0,0,0,1,1,1,0,1,0,0,0,0,1
757,0,1,1,0,0,0,1,1,1,0,0,0,1,0
758,1,0,0,1,0,0,1,0,1,0,0,0,1,0
759,0,0,0,0,1,0,0,1,1,0,0,1,0,0
760,1,1,1,0,1,1,0,1,0,1,1,0,1,0
761,1,0,0,1,1,0,1,0,1,0,1,1,0,1
762,0,0,0,1,0,1,0,1,1,1,1,0,0,1
763,1,1,1,0,1,1,1,1,1,1,0,1,1,0
764,0,1,1,0,0,1,0,0,1,1,0,1,1,0
765,1,0,0,0,1,1,1,0,1,0,1,1,1,0
766,1,0,0,1,1,0,1,0,1,1,1,1,0,0
767,0,1,1,1,0,0,1,0,0,1,0,1,0,0
768,1,1,1,0,1,0,1,0,1,1,0,0,0,0
769,1,0,0,1,1,1,0,1,0,0,1,1,0,1
770,0,0,0,0,1,1,1,0,1,1,1,0,1,0
771,1,0,0,0,1,0,1,1,1,0,1,0,1,0
772,0,1,1,0,1,1,1,1,1,0,1,1,1,0
773,0,0,0,1,1,0,1,1,1,0,0,0,0,1
774,1,1,1,0,0,0,0,1,1,0,1,1,0,1
775,0,0,0,0,1,0,0,1,0,0,0,1,0,0
776,1,1,1,0,0,0,1,0,1,1,1,0,0,0
777,1,1,1,1,1,1,0,1,1,0,1,1,1,0
778,1,0,0,0,0,1,1,0,0,1,0,1,0,1
779,1,1,1,1,0,0,1,0,1,0,0,1,1,1
780,1,0,0,1,1,1,0,1,0,0,0,1,1,0
781,0,1,1,1,1,0,0,1,0,1,1,0,1,1
782,1,0,0,1,0,1,0,1,1,0,0,1,1,1
783,0,0,0,0,1,0,0,1,0,0,0,0,1,0
784,0,0,0,0,0,0,1,1,1,0,1,0,1,0
785,1,1,1,1,1,0,1,1,1,1,0,1,0,1
786,0,1,1,0,0,1,1,0,1,1,0,1,0,0
787,1,0,0,1,1,0,0,1,0,0,0,1,0,0
788,0,0,0,1,1,0,0,0,0,1,1,0,0,1
789,1,0,0,0,1,0,0,1,0,0,1,0,1,1
790,0,0,0,1,1,1,1,1,0,0,0,0,0,0
791,1,1,1,1,0,0,1,0,0,1,0,1,1,1
792,0,0,0,0,0,0,0,1,0,1,0,0,0,0
793,1,0,0,0,1,0,1,0,1,1,0,1,1,1
794,1,0,0,0,0,1,0,1,1,0,1,0,0,1
795,0,1,1,1,0,1,1,0,0,1,0,1,1,0
796,0,1,1,1,0,1,1,0,1,0,1,0,0,1
797,0,0,0,1,0,0,1,1,0,0,1,1,1,0
798,1,0,0,0,0,1,0,0,1,1,1,1,1,0
799,0,0,0,1,0,0,0,1,1,1,1,0,1,0
800,0,0,0,1,1,1,1,1,1,0,0,0,1,0
801,1,0,0,1,1,0,0,1,1,1,0,1,1,1
802,0,0,0,1,1,0,1,1,0,1,0,0,0,0
803,0,0,0,1,0,0,1,0,1,0,1,0,1,1
804,1,0,0,0,1,1,0,0,0,1,1,1,1,1
805,1,0,0,1,1,0,0,0,0,0,1,0,0,1
806,1,1,1,0,0,1,0,0,0,1,1,1,0,0
807,1,1,1,0,0,0,1,0,0,0,1,0,0,0
808,1,1,1,0,1,1,0,0,0,1,0,0,1,0
809,0,1,1,1,0,1,0,0,0,0,0,1,0,1
810,1,1,1,1,0,0,1,0,0,0,1,1,0,0
811,0,0,0,0,1,0,0,0,0,1,0,0,1,1
812,1,1,1,1,1,1,1,1,1,0,0,0,1,0
813,1,0,0,0,0,0,1,0,1,1,0,1,1,0
814,0,1,1,1,1,0,1,1,1,0,1,1,1,0
815,1,0,0,1,0,0,1,1,0,1,1,1,1,0
816,0,1,1,0,0,1,0,0,0,0,1,0,0,1
817,1,0,0,0,1,0,1,1,0,1,1,0,1,1
818,0,1,1,0,0,0,1,0,0,1,1,0,0,1
819,0,0,0,0,0,0,1,0,1,0,0,1,0,0
820,0,0,0,0,1,0,1,0,1,1,0,1,0,1
821,0,1,1,0,0,1,0,0,0,0,1,0,1,1
822,0,1,1,1,1,1,0,0,0,1,1,0,1,0
823,0,1,1,0,0,1,0,0,0,0,0,1,0,1
824,0,1,1,0,0,0,1,0,0,1,0,1,0,0
825,0,0,0,0,1,1,1,1,1,0,0,0,0,1
826,0,1,1,1,1,1,0,1,0,1,1,0,0,0
827,1,0,0,1,0,0,0,1,0,0,1,1,0,0
828,0,0,0,1,0,0,1,1,1,1,0,0,1,0
829,1,1,1,1,0,0,0,1,0,1,1,0,1,1
830,1,1,1,1,0,0,0,0,0,1,1,0,1,1
831,1,1,1,1,0,1,0,0,0,1,0,1,0,1
832,1,0,0,0,1,1,0,1,0,0,1,0,1,1
833,0,0,0,0,0,1,1,0,1,0,1,0,0,0
834,0,0,0,1,0,1,0,1,1,0,1,1,0,0
835,0,0,0,0,1,0,1,0,0,1,1,1,1,1
836,1,0,0,1,0,0,0,1,1,1,1,0,1,1
837,0,1,1,1,1,1,0,0,0,0,1,0,0,1
838,1,1,1,1,0,0,1,0,0,1,0,1,0,1
839,1,0,0,0,1,1,1,1,1,1,0,0,1,1
840,0,0,0,1,1,0,0,1,1,1,0,0,0,0
841,0,0,0,0,0,1,1,1,0,1,1,1,0,0
842,1,0,0,0,0,0,1,1,0,1,0,1,1,1
843,1,1,1,1,1,0,0,1,0,1,0,1,0,1
844,1,1,1,1,0,0,1,1,0,0,0,0,1,0
845,0,0,0,1,1,1,1,0,1,0,1,0,1,0
846,1,0,0,0,0,0,0,0,1,1,1,1,0,1
847,0,0,0,1,0,0,1,0,1,0,0,0,0,1
848,1,1,1,1,1,1,0,1,1,1,0,0,1,0
849,0,1,1,1,1,0,0,0,1,1,1,1,0,1
850,0,1,1,0,0,1,0,1,1,1,1,0,0,0
851,1,0,0,0,1,0,1,0,0,0,0,1,0,0
852,1,0,0,0,0,1,1,0,1,1,0,1,0,1
853,0,1,1,0,0,0,0,1,0,1,0,1,0,1
854,0,0,0,0,1,1,0,1,1,0,0,0,1,0
855,0,0,0,1,0,0,1,1,0,0,1,1,1,1
856,1,1,1,0,0,1,1,0,0,0,1,0,1,0
857,0,1,1,1,1,1,0,1,0,0,0,0,0,1
858,0,0,0,1,1,0,0,0,1,1,1,1,0,1
859,1,1,1,0,1,0,1,0,0,1,1,0,0,0
860,0,0,0,0,1,0,0,1,1,0,1,1,0,1
861,0,1,1,1,1,0,0,1,0,1,0,0,1,0
862,0,1,1,0,1,0,0,0,0,0,0,0,0,1
863,1,1,1,1,0,0,0,1,1,0,1,0,0,1
864,0,1,1,1,0,1,1,1,1,1,1,0,1,1
865,1,0,0,0,1,0,1,0,1,0,0,1,1,0
866,1,0,0,1,0,1,1,1,1,0,1,1,1,0
867,0,0,0,0,0,1,0,0,1,0,0,1,1,1
868,1,0,0,1,1,1,0,0,0,0,1,1,1,0
869,0,0,0,1,1,0,0,1,1,0,0,0,0,0
870,1,1,1,1,0,0,0,0,1,0,0,0,0,0
871,0,1,1,0,1,1,0,1,0,0,0,1,0,0
872,1,0,0,0,0,0,1,0,0,0,1,1,0,1
873,1,1,1,1,0,0,1,0,0,1,1,0,0,1
874,1,1,1,0,0,1,0,1,0,1,0,0,1,1
875,0,0,0,1,0,0,1,0,1,1,0,1,0,0
876,0,1,1,0,1,1,0,0,1,0,0,0,1,0
877,1,1,1,1,1,1,0,0,0,1,1,1,0,1
878,1,1,1,0,1,0,0,1,0,0,1,1,0,1
879,0,1,1,1,0,1,1,1,0,0,1,1,1,0
880,1,0,0,1,0,1,1,0,0,1,1,1,1,0
881,0,0,0,1,0,1,0,1,0,0,1,0,0,0
882,0,0,0,1,0,1,0,0,1,1,1,0,1,1
883,0,1,1,0,0,1,1,0,1,1,0,0,0,1
884,1,1,1,0,1,0,1,0,0,1,1,0,0,0
885,0,0,0,0,0,0,1,1,0,1,1,1,0,0
886,0,1,1,1,1,0,1,0,0,0,1,1,1,0
887,0,1,1,0,1,0,1,1,0,0,1,1,1,1
888,0,1,1,0,0,1,0,1,0,1,1,1,0,0
889,1,0,0,0,0,1,0,0,0,1,1,0,1,0
890,1,1,1,0,0,1,1,0,0,1,1,1,0,0
891,1,0,0,0,1,1,0,0,1,1,0,0,1,0
892,0,1,1,1,1,0,0,1,1,1,0,1,0,0
893,0,1,1,1,1,1,1,1,0,1,0,1,1,0
894,1,0,0,1,0,0,0,0,1,0,0,0,1,0
895,1,0,0,1,1,1,0,1,0,1,1,1,0,1
896,0,1,1,0,0,0,0,0,1,0,0,0,1,0
897,0,1,1,0,1,1,1,1,0,1,1,1,1,1
898,1,1,1,1,0,0,0,0,1,0,1,0,0,0
899,1,0,0,1,1,0,0,1,0,1,1,0,1,0
900,1,0,0,1,1,1,0,0,0,1,0,1,1,1
901,1,0,0,1,1,0,0,1,0,0,1,0,1,1
902,1,1,1,1,1,1,0,1,1,1,0,0,1,1
903,0,1,1,0,0,1,0,0,1,1,1,1,1,1
904,1,1,1,1,1,0,1,1,1,0,1,0,0,0
905,0,1,1,1,1,0,0,1,0,1,0,1,0,1
906,0,0,0,1,1,1,1,0,0,0,1,1,1,1
907,0,0,0,0,0,1,0,0,0,1,0,1,1,0
908,0,1,1,0,0,1,0,1,1,0,1,0,0,0
909,1,1,1,1,1,0,1,0,1,1,0,1,1,1
910,1,1,1,0,0,0,0,1,0,0,0,0,0,1
911,1,0,0,1,1,0,0,0,0,1,1,0,0,1
912,0,1,1,1,1,1,1,1,0,1,0,0,1,1
913,0,0,0,1,0,0,1,0,0,0,0,0,1,0
914,0,1,1,0,1,1,1,1,1,1,0,1,1,1
915,1,0,0,1,1,1,1,1,0,0,0,1,0,1
916,0,0,0,1,1,0,1,0,0,0,1,0,1,0
917,1,1,1,1,1,1,0,1,0,0,1,1,1,1
918,0,1,1,0,1,1,0,0,1,0,0,1,1,0
919,0,1,1,1,0,0,1,0,1,1,1,1,1,0
920,0,0,0,1,1,1,0,0,1,0,0,1,1,0
921,1,1,1,0,0,0,0,1,0,0,0,0,1,0
922,0,1,1,1,1,1,1,1,1,1,1,1,0,0
923,0,0,0,1,0,0,1,1,0,0,0,1,0,1
924,1,1,1,1,1,0,1,1,1,0,1,1,0,0
925,0,1,1,1,1,1,0,1,1,0,1,1,1,0
926,0,1,1,0,1,0,0,1,0,1,1,1,0,0
927,1,1,1,1,0,0,1,1,1,0,1,0,1,1
928,0,0,0,1,0,0,1,0,1,1,0,1,0,0
929,0,0,0,0,1,0,0,0,1,1,0,1,1,0
930,1,1,1,1,0,1,0,0,0,0,1,0,1,0
931,0,1,1,1,1,1,1,0,1,1,0,0,0,0
932,1,1,1,1,1,1,1,1,0,0,1,0,1,1
933,0,0,0,1,0,1,0,1,1,1,0,0,1,1
934,1,1,1,0,1,0,0,0,1,1,1,0,0,0
935,0,1,1,0,1,1,0,0,0,1,1,0,0,0
936,1,0,0,1,1,0,1,1,1,0,0,0,0,1
937,0,1,1,1,1,0,1,0,0,0,0,1,0,1
938,1,0,0,0,0,1,1,1,0,0,1,1,1,1
939,0,0,0,0,0,0,1,1,0,0,0,1,1,0
940,0,0,0,0,0,0,0,0,1,1,0,0,0,1
941,1,0,0,1,0,0,1,1,0,1,1,0,1,0
942,0,1,1,0,1,1,0,1,1,0,0,1,1,1
943,0,1,1,1,0,1,0,0,1,0,1,1,1,0
944,0,0,0,0,1,1,0,1,1,1,0,1,0,0
945,1,0,0,1,0,0,0,1,1,0,0,1,1,1
946,0,1,1,0,0,0,1,0,1,1,0,1,0,0
947,1,0,0,0,1,0,0,1,0,1,0,0,1,1
948,1,0,0,0,0,1,0,0,1,1,1,1,0,1
949,0,0,0,1,1,1,1,0,1,0,0,0,0,1
950,1,1,1,1,1,0,1,0,1,1,1,1,0,0
951,0,1,1,1,0,0,0,0,0,0,1,0,1,0
952,0,0,0,0,0,1,1,0,1,1,0,0,0,1
953,1,1,1,0,0,1,0,1,0,1,1,1,0,0
954,0,0,0,0,0,0,0,1,1,1,1,1,0,0
955,0,1,1,1,1,0,1,1,0,1,0,0,1,1
956,0,1,1,0,1,0,0,0,0,0,1,0,0,1
957,0,1,1,1,0,0,1,0,1,0,0,0,1,0
958,0,1,1,0,1,0,1,1,1,0,1,0,1,1
959,1,0,0,0,1,1,1,1,0,1,1,1,0,0
960,0,1,1,0,0,1,0,1,1,0,1,0,0,0
961,1,1,1,1,0,0,1,1,0,0,0,0,1,0
962,0,0,0,0,0,0,0,1,1,1,0,1,0,1
963,1,0,0,1,1,1,1,1,0,0,0,0,0,1
964,0,0,0,1,0,1,1,0,0,0,1,1,0,0
965,0,1,1,0,1,0,0,1,1,1,0,0,0,0
966,1,0,0,0,0,1,0,0,0,1,1,1,1,0
967,0,1,1,0,0,1,1,0,0,1,0,1,1,0
968,1,0,0,1,1,0,0,1,1,0,1,1,0,0
969,1,1,1,0,1,0,0,1,1,0,0,1,1,0
970,0,1,1,0,1,1,0,0,1,1,1,0,0,0
971,0,0,0,0,0,1,0,1,1,1,0,0,0,1
972,0,1,1,0,0,0,0,1,1,1,0,0,0,0
973,1,1,1,0,0,0,1,1,1,1,0,0,0,0
974,0,1,1,1,1,1,1,0,0,0,1,0,1,1
975,1,1,1,1,0,0,0,0,1,1,1,0,0,0
976,1,1,1,0,0,0,1,0,0,1,1,0,1,1
977,1,1,1,0,0,0,1,1,1,1,1,0,1,0
978,0,1,1,0,0,0,0,1,0,0,0,1,0,0
979,1,0,0,1,1,0,0,1,1,1,0,0,1,1
980,0,0,0,0,1,0,1,0,0,0,0,0,1,0
981,0,1,1,1,1,1,0,0,0,1,1,1,0,1
982,1,1,1,0,1,1,0,1,1,0,0,0,1,0
983,0,0,0,0,1,0,0,0,1,0,0,0,1,0
984,1,1,1,0,1,1,0,0,0,0,0,1,0,0
985,1,0,0,1,0,1,0,0,1,1,1,1,0,1
986,1,1,1,1,1,1,0,0,0,0,0,1,0,1
987,1,0,0,0,1,0,0,0,0,0,0,1,0,1
988,1,1,1,0,0,0,0,1,0,0,0,1,0,0
989,1,1,1,0,1,1,1,0,1,0,1,1,0,1
990,0,0,0,1,1,1,0,0,0,0,1,1,0,0
991,1,1,1,1,1,0,0,0,0,1,0,1,0,1
992,1,1,1,0,1,1,0,1,0,0,1,0,0,0
993,1,1,1,0,0,0,0,1,1,1,1,1,1,1
994,0,0,0,1,1,0,0,0,1,1,1,1,0,1
995,1,0,0,0,0,0,0,0,1,1,1,0,0,0
996,0,0,0,1,0,1,1,0,1,1,1,0,1,1
997,0,1,1,1,1,0,0,0,1,1,0,0,0,0
998,1,0,0,1,0,0,0,0,1,1,0,1,0,1
999,1,0,0,1,0,0,0,0,1,1,0,0,1,0
